	AM	PM	/	:	MM/dd/yyyy	dddd, dd MMMM yyyy	HH:mm	HH:mm:ss	dddd, dd MMMM yyyy HH:mm:ss	MMMM dd	yyyy MMMM	Sunday	Monday	Tuesday	Wednesday	Thursday	Friday	Saturday	Sun	Mon	Tue	Wed	Thu	Fri	Sat	January	February	March	April	May	June	July	August	September	October	November	December	Jan	Feb	Mar	Apr	May	Jun	Jul	Aug	Sep	Oct	Nov	Dec	January	February	March	April	May	June	July	August	September	October	November	December	Jan	Feb	Mar	Apr	May	Jun	Jul	Aug	Sep	Oct	Nov	Dec	A.D.	AD	2049	GregorianCalendar	0
af	vm.	nm.	-	:	yyyy-MM-dd	dddd dd MMMM yyyy	HH:mm	HH:mm:ss	dddd dd MMMM yyyy HH:mm:ss	d MMMM	MMMM yyyy	Sondag	Maandag	Dinsdag	Woensdag	Donderdag	Vrydag	Saterdag	So.	Ma.	Di.	Wo.	Do.	Vr.	Sa.	Januarie	Februarie	Maart	April	Mei	Junie	Julie	Augustus	September	Oktober	November	Desember	Jan.	Feb.	Mrt.	Apr.	Mei	Jun.	Jul.	Aug.	Sep.	Okt.	Nov.	Des.	Januarie	Februarie	Maart	April	Mei	Junie	Julie	Augustus	September	Oktober	November	Desember	Jan.	Feb.	Mrt.	Apr.	Mei	Jun.	Jul.	Aug.	Sep.	Okt.	Nov.	Des.	n.C.	n.C.	2049	GregorianCalendar	0
af-NA	vm.	nm.	-	:	yyyy-MM-dd	dddd dd MMMM yyyy	h:mm tt	h:mm:ss tt	dddd dd MMMM yyyy h:mm:ss tt	d MMMM	MMMM yyyy	Sondag	Maandag	Dinsdag	Woensdag	Donderdag	Vrydag	Saterdag	So.	Ma.	Di.	Wo.	Do.	Vr.	Sa.	Januarie	Februarie	Maart	April	Mei	Junie	Julie	Augustus	September	Oktober	November	Desember	Jan.	Feb.	Mrt.	Apr.	Mei	Jun.	Jul.	Aug.	Sep.	Okt.	Nov.	Des.	Januarie	Februarie	Maart	April	Mei	Junie	Julie	Augustus	September	Oktober	November	Desember	Jan.	Feb.	Mrt.	Apr.	Mei	Jun.	Jul.	Aug.	Sep.	Okt.	Nov.	Des.	n.C.	n.C.	2049	GregorianCalendar	0
af-ZA	=	af
agq	a.g	a.k	/	:	d/M/yyyy	dddd d MMMM yyyy	HH:mm	HH:mm:ss	dddd d MMMM yyyy HH:mm:ss	MMMM d	yyyy MMMM	tsuʔntsɨ	tsuʔukpà	tsuʔughɔe	tsuʔutɔ̀mlò	tsuʔumè	tsuʔughɨ̂m	tsuʔndzɨkɔʔɔ	nts	kpa	ghɔ	tɔm	ume	ghɨ	dzk	ndzɔ̀ŋɔ̀nùm	ndzɔ̀ŋɔ̀kƗ̀zùʔ	ndzɔ̀ŋɔ̀tƗ̀dʉ̀ghà	ndzɔ̀ŋɔ̀tǎafʉ̄ghā	ndzɔ̀ŋèsèe	ndzɔ̀ŋɔ̀nzùghò	ndzɔ̀ŋɔ̀dùmlo	ndzɔ̀ŋɔ̀kwîfɔ̀e	ndzɔ̀ŋɔ̀tƗ̀fʉ̀ghàdzughù	ndzɔ̀ŋɔ̀ghǔuwelɔ̀m	ndzɔ̀ŋɔ̀chwaʔàkaa wo	ndzɔ̀ŋèfwòo	nùm	kɨz	tɨd	taa	see	nzu	dum	fɔe	dzu	lɔm	kaa	fwo	ndzɔ̀ŋɔ̀nùm	ndzɔ̀ŋɔ̀kƗ̀zùʔ	ndzɔ̀ŋɔ̀tƗ̀dʉ̀ghà	ndzɔ̀ŋɔ̀tǎafʉ̄ghā	ndzɔ̀ŋèsèe	ndzɔ̀ŋɔ̀nzùghò	ndzɔ̀ŋɔ̀dùmlo	ndzɔ̀ŋɔ̀kwîfɔ̀e	ndzɔ̀ŋɔ̀tƗ̀fʉ̀ghàdzughù	ndzɔ̀ŋɔ̀ghǔuwelɔ̀m	ndzɔ̀ŋɔ̀chwaʔàkaa wo	ndzɔ̀ŋèfwòo	nùm	kɨz	tɨd	taa	see	nzu	dum	fɔe	dzu	lɔm	kaa	fwo	BK	BK	2049	GregorianCalendar	4
agq-CM	=	agq
ak	AN	EW	/	:	M/d/yyyy	ddd, MMMM d, yyyy	h:mm tt	h:mm:ss tt	ddd, MMMM d, yyyy h:mm:ss tt	MMMM d	MMMM yyyy	Kwasiada	Dwoada	Benada	Wukuada	Yawoada	Fiada	Memeneda	Kwe	Dwo	Ben	Wuk	Yaw	Fia	Mem	Ɔpɛpɔn	Ɔgyefoɔ	Ɔbɛnem	Oforisuo	Kɔtɔnimma	Ayɛwohomumu	Kutawonsa	Ɔsanaa	Ɛbɔ	Ahinime	Obubuo	Ɔpɛnimma	Ɔpɛpɔn	Ɔgyefoɔ	Ɔbɛnem	Oforisuo	Kɔtɔnimma	Ayɛwohomumu	Kutawonsa	Ɔsanaa	Ɛbɔ	Ahinime	Obubuo	Ɔpɛnimma	Ɔpɛpɔn	Ɔgyefoɔ	Ɔbɛnem	Oforisuo	Kɔtɔnimma	Ayɛwohomumu	Kutawonsa	Ɔsanaa	Ɛbɔ	Ahinime	Obubuo	Ɔpɛnimma	Ɔpɛpɔn	Ɔgyefoɔ	Ɔbɛnem	Oforisuo	Kɔtɔnimma	Ayɛwohomumu	Kutawonsa	Ɔsanaa	Ɛbɔ	Ahinime	Obubuo	Ɔpɛnimma	KE	KE	2049	GregorianCalendar	0
ak-GH	=	ak
am	ጥዋት	ከሰዓት	/	:	dd/MM/yyyy	dddd d MMMM yyyy	h:mm tt	h:mm:ss tt	dddd d MMMM yyyy h:mm:ss tt	MMMM d	MMMM yyyy	እሑድ	ሰኞ	ማክሰኞ	ረቡዕ	ሐሙስ	ዓርብ	ቅዳሜ	እሑድ	ሰኞ	ማክሰ	ረቡዕ	ሐሙስ	ዓርብ	ቅዳሜ	ጃንዋሪ	ፌብሩዋሪ	ማርች	ኤፕሪል	ሜይ	ጁን	ጁላይ	ኦገስት	ሴፕቴምበር	ኦክቶበር	ኖቬምበር	ዲሴምበር	ጃን	ፌብ	ማርች	ኤፕሪ	ሜይ	ጁን	ጁላይ	ኦገስ	ሴፕቴ	ኦክቶ	ኖቬም	ዲሴም	ጃንዋሪ	ፌብሩዋሪ	ማርች	ኤፕሪል	ሜይ	ጁን	ጁላይ	ኦገስት	ሴፕቴምበር	ኦክቶበር	ኖቬምበር	ዲሴምበር	ጃን	ፌብ	ማርች	ኤፕሪ	ሜይ	ጁን	ጁላይ	ኦገስ	ሴፕቴ	ኦክቶ	ኖቬም	ዲሴም	ዓ/ም	ዓ/ም	2049	GregorianCalendar	0
am-ET	=	am
ar	ص	م	‏/	:	d‏/M‏/yyyy	dddd، d MMMM yyyy	h:mm tt	h:mm:ss tt	dddd، d MMMM yyyy h:mm:ss tt	d MMMM	MMMM yyyy	الأحد	الاثنين	الثلاثاء	الأربعاء	الخميس	الجمعة	السبت	الأحد	الاثنين	الثلاثاء	الأربعاء	الخميس	الجمعة	السبت	يناير	فبراير	مارس	أبريل	مايو	يونيو	يوليو	أغسطس	سبتمبر	أكتوبر	نوفمبر	ديسمبر	يناير	فبراير	مارس	أبريل	مايو	يونيو	يوليو	أغسطس	سبتمبر	أكتوبر	نوفمبر	ديسمبر	يناير	فبراير	مارس	أبريل	مايو	يونيو	يوليو	أغسطس	سبتمبر	أكتوبر	نوفمبر	ديسمبر	يناير	فبراير	مارس	أبريل	مايو	يونيو	يوليو	أغسطس	سبتمبر	أكتوبر	نوفمبر	ديسمبر	م	م	2049	GregorianCalendar	0
ar-001	=	ar
ar-AE	=	ar
ar-BH	=	ar
ar-DJ	=	ar
ar-DZ	ص	م	‏/	:	d‏/M‏/yyyy	dddd، d MMMM yyyy	h:mm tt	h:mm:ss tt	dddd، d MMMM yyyy h:mm:ss tt	d MMMM	MMMM yyyy	الأحد	الاثنين	الثلاثاء	الأربعاء	الخميس	الجمعة	السبت	الأحد	الاثنين	الثلاثاء	الأربعاء	الخميس	الجمعة	السبت	جانفي	فيفري	مارس	أفريل	ماي	جوان	جويلية	أوت	سبتمبر	أكتوبر	نوفمبر	ديسمبر	جانفي	فيفري	مارس	أفريل	ماي	جوان	جويلية	أوت	سبتمبر	أكتوبر	نوفمبر	ديسمبر	جانفي	فيفري	مارس	أفريل	ماي	جوان	جويلية	أوت	سبتمبر	أكتوبر	نوفمبر	ديسمبر	جانفي	فيفري	مارس	أفريل	ماي	جوان	جويلية	أوت	سبتمبر	أكتوبر	نوفمبر	ديسمبر	م	م	2049	GregorianCalendar	0
ar-EG	=	ar
ar-EH	=	ar
ar-ER	=	ar
ar-IL	ص	م	‏/	:	d‏/M‏/yyyy	dddd، d MMMM yyyy	H:mm	H:mm:ss	dddd، d MMMM yyyy H:mm:ss	d MMMM	MMMM yyyy	الأحد	الاثنين	الثلاثاء	الأربعاء	الخميس	الجمعة	السبت	الأحد	الاثنين	الثلاثاء	الأربعاء	الخميس	الجمعة	السبت	يناير	فبراير	مارس	أبريل	مايو	يونيو	يوليو	أغسطس	سبتمبر	أكتوبر	نوفمبر	ديسمبر	يناير	فبراير	مارس	أبريل	مايو	يونيو	يوليو	أغسطس	سبتمبر	أكتوبر	نوفمبر	ديسمبر	يناير	فبراير	مارس	أبريل	مايو	يونيو	يوليو	أغسطس	سبتمبر	أكتوبر	نوفمبر	ديسمبر	يناير	فبراير	مارس	أبريل	مايو	يونيو	يوليو	أغسطس	سبتمبر	أكتوبر	نوفمبر	ديسمبر	م	م	2049	GregorianCalendar	0
ar-IQ	ص	م	‏/	:	d‏/M‏/yyyy	dddd، d MMMM yyyy	h:mm tt	h:mm:ss tt	dddd، d MMMM yyyy h:mm:ss tt	d MMMM	MMMM yyyy	الأحد	الاثنين	الثلاثاء	الأربعاء	الخميس	الجمعة	السبت	الأحد	الاثنين	الثلاثاء	الأربعاء	الخميس	الجمعة	السبت	كانون الثاني	شباط	آذار	نيسان	أيار	حزيران	تموز	آب	أيلول	تشرين الأول	تشرين الثاني	كانون الأول	كانون الثاني	شباط	آذار	نيسان	أيار	حزيران	تموز	آب	أيلول	تشرين الأول	تشرين الثاني	كانون الأول	كانون الثاني	شباط	آذار	نيسان	أيار	حزيران	تموز	آب	أيلول	تشرين الأول	تشرين الثاني	كانون الأول	كانون الثاني	شباط	آذار	نيسان	أيار	حزيران	تموز	آب	أيلول	تشرين الأول	تشرين الثاني	كانون الأول	م	م	2049	GregorianCalendar	5
ar-JO	ص	م	‏/	:	d‏/M‏/yyyy	dddd، d MMMM yyyy	h:mm tt	h:mm:ss tt	dddd، d MMMM yyyy h:mm:ss tt	d MMMM	MMMM yyyy	الأحد	الاثنين	الثلاثاء	الأربعاء	الخميس	الجمعة	السبت	الأحد	الاثنين	الثلاثاء	الأربعاء	الخميس	الجمعة	السبت	كانون الثاني	شباط	آذار	نيسان	أيار	حزيران	تموز	آب	أيلول	تشرين الأول	تشرين الثاني	كانون الأول	كانون الثاني	شباط	آذار	نيسان	أيار	حزيران	تموز	آب	أيلول	تشرين الأول	تشرين الثاني	كانون الأول	كانون الثاني	شباط	آذار	نيسان	أيار	حزيران	تموز	آب	أيلول	تشرين الأول	تشرين الثاني	كانون الأول	كانون الثاني	شباط	آذار	نيسان	أيار	حزيران	تموز	آب	أيلول	تشرين الأول	تشرين الثاني	كانون الأول	م	م	2049	GregorianCalendar	4
ar-KM	ص	م	‏/	:	d‏/M‏/yyyy	dddd، d MMMM yyyy	HH:mm	HH:mm:ss	dddd، d MMMM yyyy HH:mm:ss	d MMMM	MMMM yyyy	الأحد	الاثنين	الثلاثاء	الأربعاء	الخميس	الجمعة	السبت	الأحد	الاثنين	الثلاثاء	الأربعاء	الخميس	الجمعة	السبت	يناير	فبراير	مارس	أبريل	مايو	يونيو	يوليو	أغسطس	سبتمبر	أكتوبر	نوفمبر	ديسمبر	يناير	فبراير	مارس	أبريل	مايو	يونيو	يوليو	أغسطس	سبتمبر	أكتوبر	نوفمبر	ديسمبر	يناير	فبراير	مارس	أبريل	مايو	يونيو	يوليو	أغسطس	سبتمبر	أكتوبر	نوفمبر	ديسمبر	يناير	فبراير	مارس	أبريل	مايو	يونيو	يوليو	أغسطس	سبتمبر	أكتوبر	نوفمبر	ديسمبر	م	م	2049	GregorianCalendar	0
ar-KW	=	ar
ar-LB	=	ar-JO
ar-LY	=	ar
ar-MA	ص	م	‏/	:	d‏/M‏/yyyy	dddd، d MMMM yyyy	HH:mm	HH:mm:ss	dddd، d MMMM yyyy HH:mm:ss	d MMMM	MMMM yyyy	الأحد	الاثنين	الثلاثاء	الأربعاء	الخميس	الجمعة	السبت	الأحد	الاثنين	الثلاثاء	الأربعاء	الخميس	الجمعة	السبت	يناير	فبراير	مارس	أبريل	ماي	يونيو	يوليوز	غشت	شتنبر	أكتوبر	نونبر	دجنبر	يناير	فبراير	مارس	أبريل	ماي	يونيو	يوليوز	غشت	شتنبر	أكتوبر	نونبر	دجنبر	يناير	فبراير	مارس	أبريل	ماي	يونيو	يوليوز	غشت	شتنبر	أكتوبر	نونبر	دجنبر	يناير	فبراير	مارس	أبريل	ماي	يونيو	يوليوز	غشت	شتنبر	أكتوبر	نونبر	دجنبر	م	م	2049	GregorianCalendar	0
ar-MR	ص	م	‏/	:	d‏/M‏/yyyy	dddd، d MMMM yyyy	h:mm tt	h:mm:ss tt	dddd، d MMMM yyyy h:mm:ss tt	d MMMM	MMMM yyyy	الأحد	الاثنين	الثلاثاء	الأربعاء	الخميس	الجمعة	السبت	الأحد	الاثنين	الثلاثاء	الأربعاء	الخميس	الجمعة	السبت	يناير	فبراير	مارس	إبريل	مايو	يونيو	يوليو	أغشت	شتمبر	أكتوبر	نوفمبر	دجمبر	يناير	فبراير	مارس	إبريل	مايو	يونيو	يوليو	أغشت	شتمبر	أكتوبر	نوفمبر	دجمبر	يناير	فبراير	مارس	إبريل	مايو	يونيو	يوليو	أغشت	شتمبر	أكتوبر	نوفمبر	دجمبر	يناير	فبراير	مارس	إبريل	مايو	يونيو	يوليو	أغشت	شتمبر	أكتوبر	نوفمبر	دجمبر	م	م	2049	GregorianCalendar	0
ar-OM	=	ar
ar-PS	=	ar-JO
ar-QA	=	ar
ar-SA	=	ar
ar-SD	=	ar
ar-SO	=	ar
ar-SS	=	ar
ar-SY	=	ar-JO
ar-TD	=	ar
ar-TN	=	ar-DZ
ar-YE	=	ar
as	AM	PM	-	.	d-M-yyyy	dddd, d MMMM, yyyy	tt h.mm	tt h.mm.ss	dddd, d MMMM, yyyy tt h.mm.ss	d MMMM	MMMM yyyy	দেওবাৰ	সোমবাৰ	মঙ্গলবাৰ	বুধবাৰ	বৃহস্পতিবাৰ	শুক্ৰবাৰ	শনিবাৰ	দেও	সোম	মঙ্গল	বুধ	বৃহ	শুক্ৰ	শনি	জানুৱাৰী	ফেব্ৰুৱাৰী	মাৰ্চ	এপ্ৰিল	মে’	জুন	জুলাই	আগষ্ট	ছেপ্তেম্বৰ	অক্টোবৰ	নৱেম্বৰ	ডিচেম্বৰ	জানু	ফেব্ৰু	মাৰ্চ	এপ্ৰিল	মে’	জুন	জুলাই	আগ	ছেপ্তে	অক্টো	নৱে	ডিচে	জানুৱাৰী	ফেব্ৰুৱাৰী	মাৰ্চ	এপ্ৰিল	মে’	জুন	জুলাই	আগষ্ট	ছেপ্তেম্বৰ	অক্টোবৰ	নৱেম্বৰ	ডিচেম্বৰ	জানু	ফেব্ৰু	মাৰ্চ	এপ্ৰিল	মে’	জুন	জুলাই	আগ	ছেপ্তে	অক্টো	নৱে	ডিচে	খ্ৰীঃ	খ্ৰীঃ	2049	GregorianCalendar	0
as-IN	=	as
asa	icheheavo	ichamthi	/	:	dd/MM/yyyy	dddd, d MMMM yyyy	HH:mm	HH:mm:ss	dddd, d MMMM yyyy HH:mm:ss	MMMM d	MMMM yyyy	Jumapili	Jumatatu	Jumanne	Jumatano	Alhamisi	Ijumaa	Jumamosi	Jpi	Jtt	Jnn	Jtn	Alh	Ijm	Jmo	Januari	Februari	Machi	Aprili	Mei	Juni	Julai	Agosti	Septemba	Oktoba	Novemba	Desemba	Jan	Feb	Mac	Apr	Mei	Jun	Jul	Ago	Sep	Okt	Nov	Dec	Januari	Februari	Machi	Aprili	Mei	Juni	Julai	Agosti	Septemba	Oktoba	Novemba	Desemba	Jan	Feb	Mac	Apr	Mei	Jun	Jul	Ago	Sep	Okt	Nov	Dec	BM	BM	2049	GregorianCalendar	0
asa-TZ	=	asa
ast	de la mañana	de la tarde	/	:	d/M/yyyy	dddd, d MMMM 'de' yyyy	HH:mm	HH:mm:ss	dddd, d MMMM 'de' yyyy HH:mm:ss	d MMMM	MMMM 'de' yyyy	domingu	llunes	martes	miércoles	xueves	vienres	sábadu	dom	llu	mar	mié	xue	vie	sáb	xineru	febreru	marzu	abril	mayu	xunu	xunetu	agostu	setiembre	ochobre	payares	avientu	Xin	Feb	Mar	Abr	May	Xun	Xnt	Ago	Set	Och	Pay	Avi	de xineru	de febreru	de marzu	d’abril	de mayu	de xunu	de xunetu	d’agostu	de setiembre	d’ochobre	de payares	d’avientu	xin	feb	mar	abr	may	xun	xnt	ago	set	och	pay	avi	d.C.	d.C.	2049	GregorianCalendar	5
ast-ES	=	ast
az	AM	PM	.	:	dd.MM.yyyy	d MMMM yyyy, dddd	HH:mm	HH:mm:ss	d MMMM yyyy, dddd HH:mm:ss	d MMMM	MMMM yyyy	bazar	bazar ertəsi	çərşənbə axşamı	çərşənbə	cümə axşamı	cümə	şənbə	B.	B.E.	Ç.A.	Ç.	C.A.	C.	Ş.	yanvar	fevral	mart	aprel	may	iyun	iyul	avqust	sentyabr	oktyabr	noyabr	dekabr	yan	fev	mar	apr	may	iyn	iyl	avq	sen	okt	noy	dek	yanvar	fevral	mart	aprel	may	iyun	iyul	avqust	sentyabr	oktyabr	noyabr	dekabr	yan	fev	mar	apr	may	iyn	iyl	avq	sen	okt	noy	dek	y.e.	y.e.	2049	GregorianCalendar	16
az-Cyrl	АМ	ПМ	.	:	dd.MM.yyyy	d MMMM yyyy, dddd	HH:mm	HH:mm:ss	d MMMM yyyy, dddd HH:mm:ss	MMMM d	yyyy MMMM	базар	базар ертәси	чәршәнбә ахшамы	чәршәнбә	ҹүмә ахшамы	ҹүмә	шәнбә	Б.	Б.Е.	Ч.А.	Ч.	Ҹ.А.	Ҹ.	Ш.	Јанвар	Феврал	Март	Апрел	Май	Ијун	Ијул	Август	Сентјабр	Октјабр	Нојабр	Декабр	јан	фев	мар	апр	май	ијн	ијл	авг	сен	окт	ној	дек	јанвар	феврал	март	апрел	май	ијун	ијул	август	сентјабр	октјабр	нојабр	декабр	јан	фев	мар	апр	май	ијн	ијл	авг	сен	окт	ној	дек	ј.е.	ј.е.	2049	GregorianCalendar	17
az-Cyrl-AZ	=	az-Cyrl
az-Latn	=	az
az-Latn-AZ	=	az
bas	I bikɛ̂glà	I ɓugajɔp	/	:	d/M/yyyy	dddd d MMMM yyyy	HH:mm	HH:mm:ss	dddd d MMMM yyyy HH:mm:ss	MMMM d	yyyy MMMM	ŋgwà nɔ̂y	ŋgwà njaŋgumba	ŋgwà ûm	ŋgwà ŋgê	ŋgwà mbɔk	ŋgwà kɔɔ	ŋgwà jôn	nɔy	nja	uum	ŋge	mbɔ	kɔɔ	jon	Kɔndɔŋ	Màcɛ̂l	Màtùmb	Màtop	M̀puyɛ	Hìlòndɛ̀	Njèbà	Hìkaŋ	Dìpɔ̀s	Bìòôm	Màyɛsèp	Lìbuy li ńyèe	kɔn	mac	mat	mto	mpu	hil	nje	hik	dip	bio	may	liɓ	Kɔndɔŋ	Màcɛ̂l	Màtùmb	Màtop	M̀puyɛ	Hìlòndɛ̀	Njèbà	Hìkaŋ	Dìpɔ̀s	Bìòôm	Màyɛsèp	Lìbuy li ńyèe	kɔn	mac	mat	mto	mpu	hil	nje	hik	dip	bio	may	liɓ	m.Y.K	m.Y.K	2049	GregorianCalendar	20
bas-CM	=	bas
be	AM	PM	.	:	d.MM.yyyy	dddd, d MMMM yyyy 'г'.	HH:mm	HH:mm:ss	dddd, d MMMM yyyy 'г'. HH:mm:ss	d MMMM	MMMM yyyy	нядзеля	панядзелак	аўторак	серада	чацвер	пятніца	субота	нд	пн	аў	ср	чц	пт	сб	студзень	люты	сакавік	красавік	май	чэрвень	ліпень	жнівень	верасень	кастрычнік	лістапад	снежань	сту	лют	сак	кра	май	чэр	ліп	жні	вер	кас	ліс	сне	студзеня	лютага	сакавіка	красавіка	мая	чэрвеня	ліпеня	жніўня	верасня	кастрычніка	лістапада	снежня	сту	лют	сак	кра	мая	чэр	ліп	жні	вер	кас	ліс	сне	н.э.	н.э.	2049	GregorianCalendar	1
be-BY	=	be
bem	uluchelo	akasuba	/	:	dd/MM/yyyy	dddd, d MMMM yyyy	h:mm tt	h:mm:ss tt	dddd, d MMMM yyyy h:mm:ss tt	MMMM d	MMMM yyyy	Pa Mulungu	Palichimo	Palichibuli	Palichitatu	Palichine	Palichisano	Pachibelushi	Pa Mulungu	Palichimo	Palichibuli	Palichitatu	Palichine	Palichisano	Pachibelushi	Januari	Februari	Machi	Epreo	Mei	Juni	Julai	Ogasti	Septemba	Oktoba	Novemba	Disemba	Jan	Feb	Mac	Epr	Mei	Jun	Jul	Oga	Sep	Okt	Nov	Dis	Januari	Februari	Machi	Epreo	Mei	Juni	Julai	Ogasti	Septemba	Oktoba	Novemba	Disemba	Jan	Feb	Mac	Epr	Mei	Jun	Jul	Oga	Sep	Okt	Nov	Dis	AD	AD	2049	GregorianCalendar	16
bem-ZM	=	bem
bez	pamilau	pamunyi	/	:	dd/MM/yyyy	dddd, d MMMM yyyy	HH:mm	HH:mm:ss	dddd, d MMMM yyyy HH:mm:ss	MMMM d	MMMM yyyy	pa mulungu	pa shahuviluha	pa hivili	pa hidatu	pa hitayi	pa hihanu	pa shahulembela	Mul	Vil	Hiv	Hid	Hit	Hih	Lem	pa mwedzi gwa hutala	pa mwedzi gwa wuvili	pa mwedzi gwa wudatu	pa mwedzi gwa wutai	pa mwedzi gwa wuhanu	pa mwedzi gwa sita	pa mwedzi gwa saba	pa mwedzi gwa nane	pa mwedzi gwa tisa	pa mwedzi gwa kumi	pa mwedzi gwa kumi na moja	pa mwedzi gwa kumi na mbili	Hut	Vil	Dat	Tai	Han	Sit	Sab	Nan	Tis	Kum	Kmj	Kmb	pa mwedzi gwa hutala	pa mwedzi gwa wuvili	pa mwedzi gwa wudatu	pa mwedzi gwa wutai	pa mwedzi gwa wuhanu	pa mwedzi gwa sita	pa mwedzi gwa saba	pa mwedzi gwa nane	pa mwedzi gwa tisa	pa mwedzi gwa kumi	pa mwedzi gwa kumi na moja	pa mwedzi gwa kumi na mbili	Hut	Vil	Dat	Tai	Han	Sit	Sab	Nan	Tis	Kum	Kmj	Kmb	BM	BM	2049	GregorianCalendar	20
bez-TZ	=	bez
bg	пр.об.	сл.об.	.	:	d.MM.yyyy 'г'.	dddd, d MMMM yyyy 'г'.	H:mm	H:mm:ss	dddd, d MMMM yyyy 'г'. H:mm:ss	d MMMM	MMMM yyyy 'г'.	неделя	понеделник	вторник	сряда	четвъртък	петък	събота	нд	пн	вт	ср	чт	пт	сб	януари	февруари	март	април	май	юни	юли	август	септември	октомври	ноември	декември	яну	фев	март	апр	май	юни	юли	авг	сеп	окт	ное	дек	януари	февруари	март	април	май	юни	юли	август	септември	октомври	ноември	декември	яну	фев	март	апр	май	юни	юли	авг	сеп	окт	ное	дек	сл.Хр.	сл.Хр.	2049	GregorianCalendar	0
bg-BG	=	bg
bgc	तडके	सांझ	-	:	yyyy-MM-dd	yyyy MMMM d, dddd	h:mm tt	h:mm:ss tt	yyyy MMMM d, dddd h:mm:ss tt	MMMM d	yyyy MMMM	ऐतवार	सोमवार	मंगलवार	बुधवार	बृहस्पतवार	शुक्रवार	शनिवार	ऐतवार	सोमवार	मंगलवार	बुधवार	बृहस्पतवार	शुक्रवार	शनिवार	जनवरी	फरवरी	मार्च	अप्रैल	मई	जून	जुलाई	अगस्त	सितम्बर	अक्टूबर	नवम्बर	दिसंबर	जनवरी	फरवरी	मार्च	अप्रैल	मई	जून	जुलाई	अगस्त	सितम्बर	अक्टूबर	नवम्बर	दिसंबर	जनवरी	फरवरी	मार्च	अप्रैल	मई	जून	जुलाई	अगस्त	सितम्बर	अक्टूबर	नवम्बर	दिसंबर	जनवरी	फरवरी	मार्च	अप्रैल	मई	जून	जुलाई	अगस्त	सितम्बर	अक्टूबर	नवम्बर	दिसंबर	CE	CE	2049	GregorianCalendar	0
bgc-IN	=	bgc
bho	भोर	सांझ	-	:	yyyy-MM-dd	yyyy MMMM d, dddd	h:mm tt	h:mm:ss tt	yyyy MMMM d, dddd h:mm:ss tt	MMMM d	yyyy MMMM	रबीबार	सोमबार	मंगलबार	बुधबार	बृहस्पतिबार	शुक्रबार	सनीचर	रबीबार	सोमबार	मंगलबार	बुधबार	बृहस्पतिबार	शुक्रबार	सनीचर	जनवरी	फरवरी	मार्च	अप्रैल	मई	जून	जुलाई	अगस्त	सितम्बर	अक्टूबर	नवंबर	दिसंबर	जनवरी	फरवरी	मार्च	अप्रैल	मई	जून	जुलाई	अगस्त	सितम्बर	अक्टूबर	नवंबर	दिसंबर	जनवरी	फरवरी	मार्च	अप्रैल	मई	जून	जुलाई	अगस्त	सितम्बर	अक्टूबर	नवंबर	दिसंबर	जनवरी	फरवरी	मार्च	अप्रैल	मई	जून	जुलाई	अगस्त	सितम्बर	अक्टूबर	नवंबर	दिसंबर	CE	CE	2049	GregorianCalendar	0
bho-IN	=	bho
blo	ʊshilè kʊboɖu	ʊshilè kʊsasʊ	/	:	M/d/yyyy	dddd, MMMM d yyyy	HH:mm	HH:mm:ss	dddd, MMMM d yyyy HH:mm:ss	MMMM d	MMMM yyyy	alahaɖɩ	aɖɩtɛnɛɛ	atalaata	alaarba	alaamɩshɩ	arɩsǝma	asiibi	alah	aɖɩt	atal	alar	alam	arɩs	asib	ɩjikawǝrka kaŋɔrɔ	ɩjikpaka kaŋɔrɔ	arɛ́cika kaŋɔrɔ	njɩbɔ nɖʊka kaŋɔrɔ	acafʊnɖuka kaŋɔrɔ	anɔɔɖuka kaŋɔrɔ	alàlaka kaŋɔrɔ	ɩjikǝuka kaŋɔrɔ	abofʊmka kaŋɔrɔ	ɩjicimka kaŋɔrɔ	acapomka kaŋɔrɔ	anɔɔbʊnka kaŋɔrɔ	kaw	kpa	ci	ɖʊ	ɖu5	ɖu6	la	kǝu	fʊm	cim	pom	bʊn	ɩjikawǝrka kaŋɔrɔ	ɩjikpaka kaŋɔrɔ	arɛ́cika kaŋɔrɔ	njɩbɔ nɖʊka kaŋɔrɔ	acafʊnɖuka kaŋɔrɔ	anɔɔɖuka kaŋɔrɔ	alàlaka kaŋɔrɔ	ɩjikǝuka kaŋɔrɔ	abofʊmka kaŋɔrɔ	ɩjicimka kaŋɔrɔ	acapomka kaŋɔrɔ	anɔɔbʊnka kaŋɔrɔ	kaw	kpa	ci	ɖʊ	ɖu5	ɖu6	la	kǝu	fʊm	cim	pom	bʊn	AƖAK	AƖAK	2049	GregorianCalendar	4
blo-BJ	=	blo
bm	AM	PM	/	:	d/M/yyyy	dddd d MMMM yyyy	HH:mm	HH:mm:ss	dddd d MMMM yyyy HH:mm:ss	d MMMM	MMMM yyyy	kari	ntɛnɛ	tarata	araba	alamisa	juma	sibiri	kar	ntɛ	tar	ara	ala	jum	sib	zanwuye	feburuye	marisi	awirili	mɛ	zuwɛn	zuluye	uti	sɛtanburu	ɔkutɔburu	nowanburu	desanburu	zan	feb	mar	awi	mɛ	zuw	zul	uti	sɛt	ɔku	now	des	zanwuye	feburuye	marisi	awirili	mɛ	zuwɛn	zuluye	uti	sɛtanburu	ɔkutɔburu	nowanburu	desanburu	zan	feb	mar	awi	mɛ	zuw	zul	uti	sɛt	ɔku	now	des	ni J.-C.	ni J.-C.	2049	GregorianCalendar	0
bm-ML	=	bm
bn	AM	PM	/	:	d/M/yyyy	dddd, d MMMM, yyyy	h:mm tt	h:mm:ss tt	dddd, d MMMM, yyyy h:mm:ss tt	d MMMM	MMMM yyyy	রবিবার	সোমবার	মঙ্গলবার	বুধবার	বৃহস্পতিবার	শুক্রবার	শনিবার	রবি	সোম	মঙ্গল	বুধ	বৃহস্পতি	শুক্র	শনি	জানুয়ারী	ফেব্রুয়ারী	মার্চ	এপ্রিল	মে	জুন	জুলাই	আগস্ট	সেপ্টেম্বর	অক্টোবর	নভেম্বর	ডিসেম্বর	জানু	ফেব	মার্চ	এপ্রিল	মে	জুন	জুলাই	আগস্ট	সেপ্টেম্বর	অক্টোবর	নভেম্বর	ডিসেম্বর	জানুয়ারী	ফেব্রুয়ারী	মার্চ	এপ্রিল	মে	জুন	জুলাই	আগস্ট	সেপ্টেম্বর	অক্টোবর	নভেম্বর	ডিসেম্বর	জানু	ফেব	মার্চ	এপ্রি	মে	জুন	জুল	আগ	সেপ	অক্টো	নভে	ডিসে	খৃষ্টাব্দ	খৃষ্টাব্দ	2049	GregorianCalendar	1
bn-BD	=	bn
bn-IN	AM	PM	/	:	d/M/yyyy	dddd, d MMMM, yyyy	h:mm tt	h:mm:ss tt	dddd, d MMMM, yyyy h:mm:ss tt	d MMMM	MMMM yyyy	রবিবার	সোমবার	মঙ্গলবার	বুধবার	বৃহস্পতিবার	শুক্রবার	শনিবার	রবি	সোম	মঙ্গল	বুধ	বৃহস্পতি	শুক্র	শনি	জানুয়ারী	ফেব্রুয়ারী	মার্চ	এপ্রিল	মে	জুন	জুলাই	আগস্ট	সেপ্টেম্বর	অক্টোবর	নভেম্বর	ডিসেম্বর	জানু	ফেব	মার্চ	এপ্রিল	মে	জুন	জুলাই	আগস্ট	সেপ্টেঃ	অক্টোঃ	নভেঃ	ডিসেঃ	জানুয়ারী	ফেব্রুয়ারী	মার্চ	এপ্রিল	মে	জুন	জুলাই	আগস্ট	সেপ্টেম্বর	অক্টোবর	নভেম্বর	ডিসেম্বর	জানু	ফেব	মার্চ	এপ্রি	মে	জুন	জুল	আগ	সেপ্টেঃ	অক্টোঃ	নভেঃ	ডিসেঃ	খ্রিঃ	খ্রিঃ	2049	GregorianCalendar	1
bo	སྔ་དྲོ་	ཕྱི་དྲོ་	-	:	yyyy-MM-dd	yyyy MMMMའི་ཚེས་d, dddd	HH:mm	HH:mm:ss	yyyy MMMMའི་ཚེས་d, dddd HH:mm:ss	MMMMའི་ཚེས་d	yyyy MMMM	གཟའ་ཉི་མ་	གཟའ་ཟླ་བ་	གཟའ་མིག་དམར་	གཟའ་ལྷག་པ་	གཟའ་ཕུར་བུ་	གཟའ་པ་སངས་	གཟའ་སྤེན་པ་	ཉི་མ་	ཟླ་བ་	མིག་དམར་	ལྷག་པ་	ཕུར་བུ་	པ་སངས་	སྤེན་པ་	ཟླ་བ་དང་པོ་	ཟླ་བ་གཉིས་པ་	ཟླ་བ་གསུམ་པ་	ཟླ་བ་བཞི་པ་	ཟླ་བ་ལྔ་པ་	ཟླ་བ་དྲུག་པ་	ཟླ་བ་བདུན་པ་	ཟླ་བ་བརྒྱད་པ་	ཟླ་བ་དགུ་པ་	ཟླ་བ་བཅུ་པ་	ཟླ་བ་བཅུ་གཅིག་པ་	ཟླ་བ་བཅུ་གཉིས་པ་	ཟླ་༡	ཟླ་༢	ཟླ་༣	ཟླ་༤	ཟླ་༥	ཟླ་༦	ཟླ་༧	ཟླ་༨	ཟླ་༩	ཟླ་༡༠	ཟླ་༡༡	ཟླ་༡༢	ཟླ་བ་དང་པོ	ཟླ་བ་གཉིས་པ	ཟླ་བ་གསུམ་པ	ཟླ་བ་བཞི་པ	ཟླ་བ་ལྔ་པ	ཟླ་བ་དྲུག་པ	ཟླ་བ་བདུན་པ	ཟླ་བ་བརྒྱད་པ	ཟླ་བ་དགུ་པ	ཟླ་བ་བཅུ་པ	ཟླ་བ་བཅུ་གཅིག་པ	ཟླ་བ་བཅུ་གཉིས་པ	ཟླ་༡	ཟླ་༢	ཟླ་༣	ཟླ་༤	ཟླ་༥	ཟླ་༦	ཟླ་༧	ཟླ་༨	ཟླ་༩	ཟླ་༡༠	ཟླ་༡༡	ཟླ་༡༢	སྤྱི་ལོ་	སྤྱི་ལོ་	2049	GregorianCalendar	1
bo-CN	=	bo
bo-IN	སྔ་དྲོ་	ཕྱི་དྲོ་	-	:	yyyy-MM-dd	yyyy MMMMའི་ཚེས་d, dddd	h:mm tt	h:mm:ss tt	yyyy MMMMའི་ཚེས་d, dddd h:mm:ss tt	MMMMའི་ཚེས་d	yyyy MMMM	གཟའ་ཉི་མ་	གཟའ་ཟླ་བ་	གཟའ་མིག་དམར་	གཟའ་ལྷག་པ་	གཟའ་ཕུར་བུ་	གཟའ་པ་སངས་	གཟའ་སྤེན་པ་	ཉི་མ་	ཟླ་བ་	མིག་དམར་	ལྷག་པ་	ཕུར་བུ་	པ་སངས་	སྤེན་པ་	ཟླ་བ་དང་པོ་	ཟླ་བ་གཉིས་པ་	ཟླ་བ་གསུམ་པ་	ཟླ་བ་བཞི་པ་	ཟླ་བ་ལྔ་པ་	ཟླ་བ་དྲུག་པ་	ཟླ་བ་བདུན་པ་	ཟླ་བ་བརྒྱད་པ་	ཟླ་བ་དགུ་པ་	ཟླ་བ་བཅུ་པ་	ཟླ་བ་བཅུ་གཅིག་པ་	ཟླ་བ་བཅུ་གཉིས་པ་	ཟླ་༡	ཟླ་༢	ཟླ་༣	ཟླ་༤	ཟླ་༥	ཟླ་༦	ཟླ་༧	ཟླ་༨	ཟླ་༩	ཟླ་༡༠	ཟླ་༡༡	ཟླ་༡༢	ཟླ་བ་དང་པོ	ཟླ་བ་གཉིས་པ	ཟླ་བ་གསུམ་པ	ཟླ་བ་བཞི་པ	ཟླ་བ་ལྔ་པ	ཟླ་བ་དྲུག་པ	ཟླ་བ་བདུན་པ	ཟླ་བ་བརྒྱད་པ	ཟླ་བ་དགུ་པ	ཟླ་བ་བཅུ་པ	ཟླ་བ་བཅུ་གཅིག་པ	ཟླ་བ་བཅུ་གཉིས་པ	ཟླ་༡	ཟླ་༢	ཟླ་༣	ཟླ་༤	ཟླ་༥	ཟླ་༦	ཟླ་༧	ཟླ་༨	ཟླ་༩	ཟླ་༡༠	ཟླ་༡༡	ཟླ་༡༢	སྤྱི་ལོ་	སྤྱི་ལོ་	2049	GregorianCalendar	1
br	A.M.	G.M.	/	:	dd/MM/yyyy	dddd d MMMM yyyy	HH:mm	HH:mm:ss	dddd d MMMM yyyy HH:mm:ss	d MMMM	MMMM yyyy	Sul	Lun	Meurzh	Mercʼher	Yaou	Gwener	Sadorn	Sul	Lun	Meu.	Mer.	Yaou	Gwe.	Sad.	Genver	Cʼhwevrer	Meurzh	Ebrel	Mae	Mezheven	Gouere	Eost	Gwengolo	Here	Du	Kerzu	Gen.	Cʼhwe.	Meur.	Ebr.	Mae	Mezh.	Goue.	Eost	Gwen.	Here	Du	Kzu.	Genver	Cʼhwevrer	Meurzh	Ebrel	Mae	Mezheven	Gouere	Eost	Gwengolo	Here	Du	Kerzu	Gen.	Cʼhwe.	Meur.	Ebr.	Mae	Mezh.	Goue.	Eost	Gwen.	Here	Du	Kzu.	goude J.K.	goude J.K.	2049	GregorianCalendar	0
br-FR	=	br
brx	फुं	बेलासे	-	:	dd-MM-yyyy	d MMMM yyyy, dddd	tt नि h:mm	tt h:mm:ss	d MMMM yyyy, dddd tt h:mm:ss	MMMM d	MMMM yyyy	रबिबार	समबार	मंगलबार	बुधबार	बिस्थिबार	सुुखुरबार	सनिबार	रबि	सम	मंगल	बुध	बिस्थि	सुखुर	सनि	जानुवारी	फेब्रूवारी	मार्च	एप्रिल	मे	जुन	जुलाई	आगष्ट	सेप्थेम्बर	अक्ट’बर	नवेम्बर	डिसेम्बर	जान	फेब	मार्च	एप्रि	मे	जुन	जुल	आग	सेप	अक्ट’	नवे	डिसे	जानुवारी	फेब्रूवारी	मार्च	एप्रिल	मे	जुन	जुलाई	आगष्ट	सेप्थेम्बर	अक्ट’बर	नवेम्बर	डिसेम्बर	जान	फेब	मार्च	एप्रि	मे	जुन	जुल	आग	सेप	अक्ट’	नवे	डिसे	ए.दि	ए.दि	2049	GregorianCalendar	0
brx-IN	=	brx
bs	prijepodne	popodne	. 	:	d. M. yyyy.	dddd, d. MMMM yyyy.	HH:mm	HH:mm:ss	dddd, d. MMMM yyyy. HH:mm:ss	d. MMMM	MMMM yyyy.	nedjelja	ponedjeljak	utorak	srijeda	četvrtak	petak	subota	ned	pon	uto	sri	čet	pet	sub	januar	februar	mart	april	maj	juni	juli	august	septembar	oktobar	novembar	decembar	jan	feb	mar	apr	maj	jun	jul	aug	sep	okt	nov	dec	januar	februar	mart	april	maj	juni	juli	august	septembar	oktobar	novembar	decembar	jan	feb	mar	apr	maj	jun	jul	aug	sep	okt	nov	dec	n. e.	n. e.	2049	GregorianCalendar	0
bs-Cyrl	прије подне	послије подне	.	:	d.M.yyyy.	dddd, dd. MMMM yyyy.	HH:mm	HH:mm:ss	dddd, dd. MMMM yyyy. HH:mm:ss	d. MMMM	MMMM yyyy.	недјеља	понедјељак	уторак	сриједа	четвртак	петак	субота	нед	пон	уто	сри	чет	пет	суб	јануар	фебруар	март	април	мај	јуни	јули	аугуст	септембар	октобар	новембар	децембар	јан	феб	мар	апр	мај	јун	јул	ауг	сеп	окт	нов	дец	јануар	фебруар	март	април	мај	јуни	јули	аугуст	септембар	октобар	новембар	децембар	јан	феб	мар	апр	мај	јун	јул	ауг	сеп	окт	нов	дец	н. е.	н.е.	2049	GregorianCalendar	0
bs-Cyrl-BA	=	bs-Cyrl
bs-Latn	=	bs
bs-Latn-BA	=	bs
ca	a. m.	p. m.	/	:	d/M/yyyy	dddd, d MMMM 'del' yyyy	H:mm	H:mm:ss	dddd, d MMMM 'del' yyyy H:mm:ss	d MMMM	MMMM 'del' yyyy	diumenge	dilluns	dimarts	dimecres	dijous	divendres	dissabte	dg.	dl.	dt.	dc.	dj.	dv.	ds.	gener	febrer	març	abril	maig	juny	juliol	agost	setembre	octubre	novembre	desembre	gen.	febr.	març	abr.	maig	juny	jul.	ag.	set.	oct.	nov.	des.	de gener	de febrer	de març	d’abril	de maig	de juny	de juliol	d’agost	de setembre	d’octubre	de novembre	de desembre	de gen.	de febr.	de març	d’abr.	de maig	de juny	de jul.	d’ag.	de set.	d’oct.	de nov.	de des.	dC	dC	2049	GregorianCalendar	5
ca-AD	=	ca
ca-ES	=	ca
ca-FR	=	ca
ca-IT	=	ca
ccp	AM	PM	/	:	d/M/yyyy	dddd, d MMMM, yyyy	h:mm tt	h:mm:ss tt	dddd, d MMMM, yyyy h:mm:ss tt	d MMMM	MMMM yyyy	𑄢𑄧𑄝𑄨𑄝𑄢𑄴	𑄥𑄧𑄟𑄴𑄝𑄢𑄴	𑄟𑄧𑄁𑄉𑄧𑄣𑄴𑄝𑄢𑄴	𑄝𑄪𑄖𑄴𑄝𑄢𑄴	𑄝𑄳𑄢𑄨𑄥𑄪𑄛𑄴𑄝𑄢𑄴	𑄥𑄪𑄇𑄴𑄇𑄮𑄢𑄴𑄝𑄢𑄴	𑄥𑄧𑄚𑄨𑄝𑄢𑄴	𑄢𑄧𑄝𑄨	𑄥𑄧𑄟𑄴	𑄟𑄧𑄁𑄉𑄧𑄣𑄴	𑄝𑄪𑄖𑄴	𑄝𑄳𑄢𑄨𑄥𑄪𑄛𑄴	𑄥𑄪𑄇𑄴𑄇𑄮𑄢𑄴	𑄥𑄧𑄚𑄨	𑄎𑄚𑄪𑄠𑄢𑄨	𑄜𑄬𑄛𑄴𑄝𑄳𑄢𑄪𑄠𑄢𑄨	𑄟𑄢𑄴𑄌𑄧	𑄃𑄬𑄛𑄳𑄢𑄨𑄣𑄴	𑄟𑄬	𑄎𑄪𑄚𑄴	𑄎𑄪𑄣𑄭	𑄃𑄉𑄧𑄌𑄴𑄑𑄴	𑄥𑄬𑄛𑄴𑄑𑄬𑄟𑄴𑄝𑄧𑄢𑄴	𑄃𑄧𑄇𑄴𑄑𑄮𑄝𑄧𑄢𑄴	𑄚𑄧𑄞𑄬𑄟𑄴𑄝𑄧𑄢𑄴	𑄓𑄨𑄥𑄬𑄟𑄴𑄝𑄧𑄢𑄴	𑄎𑄚𑄪𑄠𑄢𑄨	𑄜𑄬𑄛𑄴𑄝𑄳𑄢𑄪𑄠𑄢𑄨	𑄟𑄢𑄴𑄌𑄧	𑄃𑄬𑄛𑄳𑄢𑄨𑄣𑄴	𑄟𑄬	𑄎𑄪𑄚𑄴	𑄎𑄪𑄣𑄭	𑄃𑄉𑄧𑄌𑄴𑄑𑄴	𑄥𑄬𑄛𑄴𑄑𑄬𑄟𑄴𑄝𑄧𑄢𑄴	𑄃𑄧𑄇𑄴𑄑𑄮𑄝𑄧𑄢𑄴	𑄚𑄧𑄞𑄬𑄟𑄴𑄝𑄧𑄢𑄴	𑄓𑄨𑄥𑄬𑄟𑄴𑄝𑄧𑄢𑄴	𑄎𑄚𑄪𑄠𑄢𑄨	𑄜𑄬𑄛𑄴𑄝𑄳𑄢𑄪𑄠𑄢𑄨	𑄟𑄢𑄴𑄌𑄧	𑄃𑄬𑄛𑄳𑄢𑄨𑄣𑄴	𑄟𑄬	𑄎𑄪𑄚𑄴	𑄎𑄪𑄣𑄭	𑄃𑄉𑄧𑄌𑄴𑄑𑄴	𑄥𑄬𑄛𑄴𑄑𑄬𑄟𑄴𑄝𑄧𑄢𑄴	𑄃𑄧𑄇𑄴𑄑𑄬𑄝𑄧𑄢𑄴	𑄚𑄧𑄞𑄬𑄟𑄴𑄝𑄧𑄢𑄴	𑄓𑄨𑄥𑄬𑄟𑄴𑄝𑄧𑄢𑄴	𑄎𑄚𑄪	𑄜𑄬𑄛𑄴	𑄟𑄢𑄴𑄌𑄧	𑄃𑄬𑄛𑄳𑄢𑄨𑄣𑄴	𑄟𑄬	𑄎𑄪𑄚𑄴	𑄎𑄪𑄣𑄭	𑄃𑄉𑄧𑄌𑄴𑄑𑄴	𑄥𑄬𑄛𑄴𑄑𑄬𑄟𑄴𑄝𑄧𑄢𑄴	𑄃𑄧𑄇𑄴𑄑𑄮𑄝𑄧𑄢𑄴	𑄚𑄧𑄞𑄬𑄟𑄴𑄝𑄧𑄢𑄴	𑄓𑄨𑄥𑄬𑄟𑄴𑄝𑄢𑄴	𑄈𑄳𑄢𑄨𑄌𑄴𑄑𑄛𑄴𑄘𑄧	𑄈𑄳𑄢𑄨𑄌𑄴𑄑𑄛𑄴𑄘𑄧	2049	GregorianCalendar	1
ccp-BD	=	ccp
ccp-IN	=	ccp
ce	AM	PM	-	:	yyyy-MM-dd	yyyy MMMM d, dddd	HH:mm	HH:mm:ss	yyyy MMMM d, dddd HH:mm:ss	MMMM d	yyyy MMMM	кӀира	оршот	шинара	кхаара	еара	пӀераска	шуот	кӀи	ор	ши	кха	еа	пӀе	шуо	январь	февраль	март	апрель	май	июнь	июль	август	сентябрь	октябрь	ноябрь	декабрь	янв	фев	мар	апр	май	июн	июл	авг	сен	окт	ноя	дек	январь	февраль	март	апрель	май	июнь	июль	август	сентябрь	октябрь	ноябрь	декабрь	янв	фев	мар	апр	май	июн	июл	авг	сен	окт	ноя	дек	в. э	в. э	2049	GregorianCalendar	0
ce-RU	=	ce
ceb	AM	PM	/	:	M/d/yyyy	dddd, MMMM d, yyyy	h:mm tt	h:mm:ss tt	dddd, MMMM d, yyyy h:mm:ss tt	MMMM d	MMMM yyyy	Domingo	Lunes	Martes	Miyerkules	Huwebes	Biyernes	Sabado	Dom	Lun	Mar	Miy	Huw	Biy	Sab	Enero	Pebrero	Marso	Abril	Mayo	Hunyo	Hulyo	Agosto	Septyembre	Oktubre	Nobyembre	Disyembre	Ene	Peb	Mar	Abr	May	Hun	Hul	Ago	Sep	Okt	Nob	Dis	Enero	Pebrero	Marso	Abril	Mayo	Hunyo	Hulyo	Agosto	Septyembre	Oktubre	Nobyembre	Disyembre	Ene	Peb	Mar	Abr	May	Hun	Hul	Ago	Sep	Okt	Nob	Dis	AD	AD	2049	GregorianCalendar	0
ceb-PH	=	ceb
cgg	AM	PM	/	:	dd/MM/yyyy	dddd, d MMMM yyyy	HH:mm	HH:mm:ss	dddd, d MMMM yyyy HH:mm:ss	MMMM d	MMMM yyyy	Sande	Orwokubanza	Orwakabiri	Orwakashatu	Orwakana	Orwakataano	Orwamukaaga	SAN	ORK	OKB	OKS	OKN	OKT	OMK	Okwokubanza	Okwakabiri	Okwakashatu	Okwakana	Okwakataana	Okwamukaaga	Okwamushanju	Okwamunaana	Okwamwenda	Okwaikumi	Okwaikumi na kumwe	Okwaikumi na ibiri	KBZ	KBR	KST	KKN	KTN	KMK	KMS	KMN	KMW	KKM	KNK	KNB	Okwokubanza	Okwakabiri	Okwakashatu	Okwakana	Okwakataana	Okwamukaaga	Okwamushanju	Okwamunaana	Okwamwenda	Okwaikumi	Okwaikumi na kumwe	Okwaikumi na ibiri	KBZ	KBR	KST	KKN	KTN	KMK	KMS	KMN	KMW	KKM	KNK	KNB	AD	AD	2049	GregorianCalendar	4
cgg-UG	=	cgg
chr	ᏌᎾᎴ	ᏒᎯᏱᎢᏗᏢ	/	:	M/d/yyyy	dddd, MMMM d, yyyy	h:mm tt	h:mm:ss tt	dddd, MMMM d, yyyy h:mm:ss tt	MMMM d	MMMM yyyy	ᎤᎾᏙᏓᏆᏍᎬ	ᎤᎾᏙᏓᏉᏅᎯ	ᏔᎵᏁᎢᎦ	ᏦᎢᏁᎢᎦ	ᏅᎩᏁᎢᎦ	ᏧᎾᎩᎶᏍᏗ	ᎤᎾᏙᏓᏈᏕᎾ	ᏆᏍᎬ	ᏉᏅᎯ	ᏔᎵᏁ	ᏦᎢᏁ	ᏅᎩᏁ	ᏧᎾᎩ	ᏈᏕᎾ	ᎤᏃᎸᏔᏅ	ᎧᎦᎵ	ᎠᏅᏱ	ᎧᏬᏂ	ᎠᏂᏍᎬᏘ	ᏕᎭᎷᏱ	ᎫᏰᏉᏂ	ᎦᎶᏂ	ᏚᎵᏍᏗ	ᏚᏂᏅᏗ	ᏅᏓᏕᏆ	ᎥᏍᎩᏱ	ᎤᏃ	ᎧᎦ	ᎠᏅ	ᎧᏬ	ᎠᏂ	ᏕᎭ	ᎫᏰ	ᎦᎶ	ᏚᎵ	ᏚᏂ	ᏅᏓ	ᎥᏍ	ᎤᏃᎸᏔᏅ	ᎧᎦᎵ	ᎠᏅᏱ	ᎧᏬᏂ	ᎠᏂᏍᎬᏘ	ᏕᎭᎷᏱ	ᎫᏰᏉᏂ	ᎦᎶᏂ	ᏚᎵᏍᏗ	ᏚᏂᏅᏗ	ᏅᏓᏕᏆ	ᎥᏍᎩᏱ	ᎤᏃ	ᎧᎦ	ᎠᏅ	ᎧᏬ	ᎠᏂ	ᏕᎭ	ᎫᏰ	ᎦᎶ	ᏚᎵ	ᏚᏂ	ᏅᏓ	ᎥᏍ	AD	AD	2049	GregorianCalendar	0
chr-US	=	chr
ckb	ب.ن	د.ن	-	:	yyyy-MM-dd	yyyy MMMM d, dddd	h:mm tt	h:mm:ss tt	yyyy MMMM d, dddd h:mm:ss tt	MMMM d	yyyy MMMM	یەکشەممە	دووشەممە	سێشەممە	چوارشەممە	پێنجشەممە	ھەینی	شەممە	یەکشەممە	دووشەممە	سێشەممە	چوارشەممە	پێنجشەممە	ھەینی	شەممە	کانوونی دووەم	شوبات	ئازار	نیسان	ئایار	حوزەیران	تەمووز	ئاب	ئەیلوول	تشرینی یەکەم	تشرینی دووەم	کانونی یەکەم	کانوونی دووەم	شوبات	ئازار	نیسان	ئایار	حوزەیران	تەمووز	ئاب	ئەیلوول	تشرینی یەکەم	تشرینی دووەم	کانونی یەکەم	کانوونی دووەم	شوبات	ئازار	نیسان	ئایار	حوزەیران	تەمووز	ئاب	ئەیلوول	تشرینی یەکەم	تشرینی دووەم	کانونی یەکەم	کانوونی دووەم	شوبات	ئازار	نیسان	ئایار	حوزەیران	تەمووز	ئاب	ئەیلوول	تشرینی یەکەم	تشرینی دووەم	کانونی یەکەم	زایینی	زایینی	2049	GregorianCalendar	4
ckb-IQ	=	ckb
ckb-IR	ب.ن	د.ن	-	:	g yyyy-MM-dd	g yyyy MMMM d, dddd	HH:mm	HH:mm:ss	g yyyy MMMM d, dddd HH:mm:ss	MMMM d	MMMMی yyyy	یەکشەممە	دووشەممە	سێشەممە	چوارشەممە	پێنجشەممە	ھەینی	شەممە	یەکشەممە	دووشەممە	سێشەممە	چوارشەممە	پێنجشەممە	ھەینی	شەممە	خاکەلێوە	گوڵان	جۆزەردان	پووشپەڕ	گەلاوێژ	خەرمانان	ڕەزبەر	گەڵاڕێزان	سەرماوەز	بەفرانبار	ڕێبەندان	ڕەشەمە	خاکەلێوە	گوڵان	جۆزەردان	پووشپەڕ	گەلاوێژ	خەرمانان	ڕەزبەر	گەڵاڕێزان	سەرماوەز	بەفرانبار	ڕێبەندان	ڕەشەمە	خاکەلێوە	گوڵان	جۆزەردان	پووشپەڕ	گەلاوێژ	خەرمانان	ڕەزبەر	گەڵاڕێزان	سەرماوەز	بەفرانبار	ڕێبەندان	ڕەشەمە	خاکەلێوە	گوڵان	جۆزەردان	پووشپەڕ	گەلاوێژ	خەرمانان	ڕەزبەر	گەڵاڕێزان	سەرماوەز	بەفرانبار	ڕێبەندان	ڕەشەمە	AP	AP	1410	PersianCalendar	0
cs	dop.	odp.	.	:	dd.MM.yyyy	dddd d. MMMM yyyy	H:mm	H:mm:ss	dddd d. MMMM yyyy H:mm:ss	d. MMMM	MMMM yyyy	neděle	pondělí	úterý	středa	čtvrtek	pátek	sobota	ne	po	út	st	čt	pá	so	leden	únor	březen	duben	květen	červen	červenec	srpen	září	říjen	listopad	prosinec	led	úno	bře	dub	kvě	čvn	čvc	srp	zář	říj	lis	pro	ledna	února	března	dubna	května	června	července	srpna	září	října	listopadu	prosince	led	úno	bře	dub	kvě	čvn	čvc	srp	zář	říj	lis	pro	n. l.	n.l.	2049	GregorianCalendar	1
cs-CZ	=	cs
csw	ᐁᒼ	ᐲᒼ	-	:	yyyy-MM-dd	yyyy MMMM d, dddd	h:mm tt	h:mm:ss tt	yyyy MMMM d, dddd h:mm:ss tt	MMMM d	yyyy MMMM	ᐊᔭᒥᐦᐁᑮᓯᑳᐤ	ᐴᓂ ᐊᔭᒥᐦᐁᑮᓯᑳᐤ	ᓃᓱᑮᓯᑳᐤ	ᐋᐱᐦᑕᐘᐣ	ᐴᓂᐋᐱᐦᑕᐘᐣ	ᑫᑳᐨ ᒫᑎᓇᐍᑮᓯᑳᐤ	ᒫᑎᓇᐍᑮᓯᑳᐤ	ᐊᔭᒥᐦᐁᑮᓯᑳᐤ	ᐴᓂ ᐊᔭᒥᐦᐁᑮᓯᑳᐤ	ᓃᓱᑮᓯᑳᐤ	ᐋᐱᐦᑕᐘᐣ	ᐴᓂᐋᐱᐦᑕᐘᐣ	ᑫᑳᐨ ᒫᑎᓇᐍᑮᓯᑳᐤ	ᒫᑎᓇᐍᑮᓯᑳᐤ	ᐅᒉᒥᑮᓯᑳᐏᐲᓯᒼ	ᐸᐚᐦᒐᑭᓇᓰᐢ	ᒥᑭᓯᐏᐲᓯᒼ	ᓂᐢᑭᐲᓯᒼ	ᐊᓃᑭᐲᓯᒼ	ᐚᐏᐲᓯᒼ	ᐹᐢᑲᐦᐋᐏᐲᓯᒼ	ᐅᐸᐦᐅᐏᐲᓯᒼ	ᓄᒌᑐᐏᐲᓯᒼ	ᐱᓈᐢᑯᐏᐲᓯᒼ	ᐋᕽᐘᑎᓄᐏᐲᓯᒼ	ᒪᑯᓭᑮᓭᑳᐏᐲᓯᒼ	ᐅᒉᒥᑮᓯᑳᐏᐲᓯᒼ	ᐸᐚᐦᒐᑭᓇᓰᐢ	ᒥᑭᓯᐏᐲᓯᒼ	ᓂᐢᑭᐲᓯᒼ	ᐊᓃᑭᐲᓯᒼ	ᐚᐏᐲᓯᒼ	ᐹᐢᑲᐦᐋᐏᐲᓯᒼ	ᐅᐸᐦᐅᐏᐲᓯᒼ	ᓄᒌᑐᐏᐲᓯᒼ	ᐱᓈᐢᑯᐏᐲᓯᒼ	ᐋᕽᐘᑎᓄᐏᐲᓯᒼ	ᒪᑯᓭᑮᓭᑳᐏᐲᓯᒼ	ᐅᒉᒥᑮᓯᑳᐏᐲᓯᒼ	ᐸᐚᐦᒐᑭᓇᓰᐢ	ᒥᑭᓯᐏᐲᓯᒼ	ᓂᐢᑭᐲᓯᒼ	ᐊᓃᑭᐲᓯᒼ	ᐚᐏᐲᓯᒼ	ᐹᐢᑲᐦᐋᐏᐲᓯᒼ	ᐅᐸᐦᐅᐏᐲᓯᒼ	ᓄᒌᑐᐏᐲᓯᒼ	ᐱᓈᐢᑯᐏᐲᓯᒼ	ᐋᕽᐘᑎᓄᐏᐲᓯᒼ	ᒪᑯᓭᑮᓭᑳᐏᐲᓯᒼ	ᐅᒉᒥᑮᓯᑳᐏᐲᓯᒼ	ᐸᐚᐦᒐᑭᓇᓰᐢ	ᒥᑭᓯᐏᐲᓯᒼ	ᓂᐢᑭᐲᓯᒼ	ᐊᓃᑭᐲᓯᒼ	ᐚᐏᐲᓯᒼ	ᐹᐢᑲᐦᐋᐏᐲᓯᒼ	ᐅᐸᐦᐅᐏᐲᓯᒼ	ᓄᒌᑐᐏᐲᓯᒼ	ᐱᓈᐢᑯᐏᐲᓯᒼ	ᐋᕽᐘᑎᓄᐏᐲᓯᒼ	ᒪᑯᓭᑮᓭᑳᐏᐲᓯᒼ	CE	CE	2049	GregorianCalendar	16
csw-CA	=	csw
cv	AM	PM	.	:	dd.MM.yyyy	dddd, d MMMM yyyy 'ҫ'.	HH:mm	HH:mm:ss	dddd, d MMMM yyyy 'ҫ'. HH:mm:ss	d MMMM	MMMM yyyy 'ҫ'.	вырсарникун	тунтикун	ытларикун	юнкун	кӗҫнерникун	эрнекун	шӑматкун	выр.	тун.	ытл.	юн.	кӗҫ.	эр.	шӑм.	кӑрлач	нарӑс	пуш	ака	ҫу	ҫӗртме	утӑ	ҫурла	авӑн	юпа	чӳк	раштав	кӑр.	нар.	пуш	ака	ҫу	ҫӗр.	утӑ	ҫур.	авӑн	юпа	чӳк	раш.	кӑрлач	нарӑс	пуш	ака	ҫу	ҫӗртме	утӑ	ҫурла	авӑн	юпа	чӳк	раштав	кӑр.	нар.	пуш	ака	ҫу	ҫӗр.	утӑ	ҫур.	авӑн	юпа	чӳк	раш.	х. э.	х. э.	2049	GregorianCalendar	0
cv-RU	=	cv
cy	yb	yh	/	:	dd/MM/yyyy	dddd, d MMMM yyyy	HH:mm	HH:mm:ss	dddd, d MMMM yyyy HH:mm:ss	MMMM d	MMMM yyyy	Dydd Sul	Dydd Llun	Dydd Mawrth	Dydd Mercher	Dydd Iau	Dydd Gwener	Dydd Sadwrn	Sul	Llun	Maw	Mer	Iau	Gwe	Sad	Ionawr	Chwefror	Mawrth	Ebrill	Mai	Mehefin	Gorffennaf	Awst	Medi	Hydref	Tachwedd	Rhagfyr	Ion	Chw	Maw	Ebr	Mai	Meh	Gor	Awst	Medi	Hyd	Tach	Rhag	Ionawr	Chwefror	Mawrth	Ebrill	Mai	Mehefin	Gorffennaf	Awst	Medi	Hydref	Tachwedd	Rhagfyr	Ion	Chwef	Maw	Ebr	Mai	Meh	Gorff	Awst	Medi	Hyd	Tach	Rhag	OC	O	2049	GregorianCalendar	17
cy-GB	=	cy
da	AM	PM	.	.	dd.MM.yyyy	dddd 'den' d. MMMM yyyy	HH.mm	HH.mm.ss	dddd 'den' d. MMMM yyyy HH.mm.ss	d. MMMM	MMMM yyyy	søndag	mandag	tirsdag	onsdag	torsdag	fredag	lørdag	søn.	man.	tirs.	ons.	tors.	fre.	lør.	januar	februar	marts	april	maj	juni	juli	august	september	oktober	november	december	jan.	feb.	mar.	apr.	maj	jun.	jul.	aug.	sep.	okt.	nov.	dec.	januar	februar	marts	april	maj	juni	juli	august	september	oktober	november	december	jan.	feb.	mar.	apr.	maj	jun.	jul.	aug.	sep.	okt.	nov.	dec.	e.Kr.	eKr	2049	GregorianCalendar	0
da-DK	=	da
da-GL	=	da
dav	Luma lwa K	luma lwa p	/	:	dd/MM/yyyy	dddd, d MMMM yyyy	HH:mm	HH:mm:ss	dddd, d MMMM yyyy HH:mm:ss	MMMM d	MMMM yyyy	Ituku ja jumwa	Kuramuka jimweri	Kuramuka kawi	Kuramuka kadadu	Kuramuka kana	Kuramuka kasanu	Kifula nguwo	Jum	Jim	Kaw	Kad	Kan	Kas	Ngu	Mori ghwa imbiri	Mori ghwa kawi	Mori ghwa kadadu	Mori ghwa kana	Mori ghwa kasanu	Mori ghwa karandadu	Mori ghwa mfungade	Mori ghwa wunyanya	Mori ghwa ikenda	Mori ghwa ikumi	Mori ghwa ikumi na imweri	Mori ghwa ikumi na iwi	Imb	Kaw	Kad	Kan	Kas	Kar	Mfu	Wun	Ike	Iku	Imw	Iwi	Mori ghwa imbiri	Mori ghwa kawi	Mori ghwa kadadu	Mori ghwa kana	Mori ghwa kasanu	Mori ghwa karandadu	Mori ghwa mfungade	Mori ghwa wunyanya	Mori ghwa ikenda	Mori ghwa ikumi	Mori ghwa ikumi na imweri	Mori ghwa ikumi na iwi	Imb	Kaw	Kad	Kan	Kas	Kar	Mfu	Wun	Ike	Iku	Imw	Iwi	BK	BK	2049	GregorianCalendar	20
dav-KE	=	dav
de	AM	PM	.	:	dd.MM.yyyy	dddd, d. MMMM yyyy	HH:mm	HH:mm:ss	dddd, d. MMMM yyyy HH:mm:ss	d. MMMM	MMMM yyyy	Sonntag	Montag	Dienstag	Mittwoch	Donnerstag	Freitag	Samstag	So	Mo	Di	Mi	Do	Fr	Sa	Januar	Februar	März	April	Mai	Juni	Juli	August	September	Oktober	November	Dezember	Jan	Feb	Mär	Apr	Mai	Jun	Jul	Aug	Sep	Okt	Nov	Dez	Januar	Februar	März	April	Mai	Juni	Juli	August	September	Oktober	November	Dezember	Jan.	Feb.	März	Apr.	Mai	Juni	Juli	Aug.	Sept.	Okt.	Nov.	Dez.	n. Chr.	n. Chr.	2049	GregorianCalendar	1
de-AT	AM	PM	.	:	dd.MM.yyyy	dddd, d. MMMM yyyy	HH:mm	HH:mm:ss	dddd, d. MMMM yyyy HH:mm:ss	d. MMMM	MMMM yyyy	Sonntag	Montag	Dienstag	Mittwoch	Donnerstag	Freitag	Samstag	So	Mo	Di	Mi	Do	Fr	Sa	Jänner	Februar	März	April	Mai	Juni	Juli	August	September	Oktober	November	Dezember	Jän	Feb	Mär	Apr	Mai	Jun	Jul	Aug	Sep	Okt	Nov	Dez	Jänner	Februar	März	April	Mai	Juni	Juli	August	September	Oktober	November	Dezember	Jän.	Feb.	März	Apr.	Mai	Juni	Juli	Aug.	Sep.	Okt.	Nov.	Dez.	n. Chr.	n. Chr.	2049	GregorianCalendar	1
de-BE	=	de
de-CH	=	de
de-DE	=	de
de-IT	=	de-AT
de-LI	=	de
de-LU	=	de
dje	Subbaahi	Zaarikay b	/	:	d/M/yyyy	dddd d MMMM yyyy	HH:mm	HH:mm:ss	dddd d MMMM yyyy HH:mm:ss	MMMM d	yyyy MMMM	Alhadi	Atinni	Atalaata	Alarba	Alhamisi	Alzuma	Asibti	Alh	Ati	Ata	Ala	Alm	Alz	Asi	Žanwiye	Feewiriye	Marsi	Awiril	Me	Žuweŋ	Žuyye	Ut	Sektanbur	Oktoobur	Noowanbur	Deesanbur	Žan	Fee	Mar	Awi	Me	Žuw	Žuy	Ut	Sek	Okt	Noo	Dee	Žanwiye	Feewiriye	Marsi	Awiril	Me	Žuweŋ	Žuyye	Ut	Sektanbur	Oktoobur	Noowanbur	Deesanbur	Žan	Fee	Mar	Awi	Me	Žuw	Žuy	Ut	Sek	Okt	Noo	Dee	IZ	IZ	2049	GregorianCalendar	0
dje-NE	=	dje
doi	सवेर	दपैहर बाद	/	:	d/M/yyyy	dddd, d, MMMM yyyy	h:mm tt	h:mm:ss tt	dddd, d, MMMM yyyy h:mm:ss tt	d MMMM	MMMM yyyy	ऐतबार	सोमबार	मंगलबार	बुधबार	बीरबार	शुक्रबार	शनिबार	ऐत	सोम	मंगल	बुध	बीर	शुक्र	शनि	जनवरी	फरवरी	मार्च	अप्रैल	मेई	जून	जुलाई	अगस्त	सितंबर	अक्तूबर	नवंबर	दिसंबर	जन.	फर.	मार्च	अप्रैल	मेई	जून	जुलाई	अग.	सित.	अक्तू.	नव.	दिस.	जनवरी	फरवरी	मार्च	अप्रैल	मेई	जून	जुलाई	अगस्त	सितंबर	अक्तूबर	नवंबर	दिसंबर	जन.	फर.	मार्च	अप्रैल	मेई	जून	जुलाई	अग.	सित.	अक्तू.	नव.	दिस.	ईसवी	ईसवी	2049	GregorianCalendar	0
doi-IN	=	doi
dsb	dopołdnja	wótpołdnja	.	:	d.M.yyyy	dddd, d. MMMM yyyy	H:mm	H:mm:ss	dddd, d. MMMM yyyy H:mm:ss	d. MMMM	MMMM yyyy	njeźela	pónjeźele	wałtora	srjoda	stwórtk	pětk	sobota	nje	pón	wał	srj	stw	pět	sob	januar	februar	měrc	apryl	maj	junij	julij	awgust	september	oktober	nowember	december	jan	feb	měr	apr	maj	jun	jul	awg	sep	okt	now	dec	januara	februara	měrca	apryla	maja	junija	julija	awgusta	septembra	oktobra	nowembra	decembra	jan.	feb.	měr.	apr.	maj.	jun.	jul.	awg.	sep.	okt.	now.	dec.	pó Chr.n.	pó Chr.n.	2049	GregorianCalendar	1
dsb-DE	=	dsb
dua	idiɓa	ebyámu	/	:	d/M/yyyy	dddd d MMMM yyyy	HH:mm	HH:mm:ss	dddd d MMMM yyyy HH:mm:ss	MMMM d	yyyy MMMM	éti	mɔ́sú	kwasú	mukɔ́sú	ŋgisú	ɗónɛsú	esaɓasú	ét	mɔ́s	kwa	muk	ŋgi	ɗón	esa	dimɔ́di	ŋgɔndɛ	sɔŋɛ	diɓáɓá	emiasele	esɔpɛsɔpɛ	madiɓɛ́díɓɛ́	diŋgindi	nyɛtɛki	mayésɛ́	tiníní	eláŋgɛ́	di	ŋgɔn	sɔŋ	diɓ	emi	esɔ	mad	diŋ	nyɛt	may	tin	elá	dimɔ́di	ŋgɔndɛ	sɔŋɛ	diɓáɓá	emiasele	esɔpɛsɔpɛ	madiɓɛ́díɓɛ́	diŋgindi	nyɛtɛki	mayésɛ́	tiníní	eláŋgɛ́	di	ŋgɔn	sɔŋ	diɓ	emi	esɔ	mad	diŋ	nyɛt	may	tin	elá	mb.Ys	mb.Ys	2049	GregorianCalendar	0
dua-CM	=	dua
dyo	AM	PM	/	:	d/M/yyyy	dddd d MMMM yyyy	HH:mm	HH:mm:ss	dddd d MMMM yyyy HH:mm:ss	MMMM d	yyyy MMMM	Dimas	Teneŋ	Talata	Alarbay	Aramisay	Arjuma	Sibiti	Dim	Ten	Tal	Ala	Ara	Arj	Sib	Sanvie	Fébirie	Mars	Aburil	Mee	Sueŋ	Súuyee	Ut	Settembar	Oktobar	Novembar	Disambar	Sa	Fe	Ma	Ab	Me	Su	Sú	Ut	Se	Ok	No	De	Sanvie	Fébirie	Mars	Aburil	Mee	Sueŋ	Súuyee	Ut	Settembar	Oktobar	Novembar	Disambar	Sa	Fe	Ma	Ab	Me	Su	Sú	Ut	Se	Ok	No	De	AtY	AtY	2049	GregorianCalendar	0
dyo-SN	=	dyo
dz	སྔ་ཆ་	ཕྱི་ཆ་	-	:	yyyy-MM-dd	dddd, སྤྱི་ལོ་yyyy MMMM ཚེས་dd	ཆུ་ཚོད་ h སྐར་མ་ mm tt	ཆུ་ཚོད་h:mm:ss tt	dddd, སྤྱི་ལོ་yyyy MMMM ཚེས་dd ཆུ་ཚོད་h:mm:ss tt	MMMM d	yyyy MMMM	གཟའ་ཟླ་བ་	གཟའ་མིག་དམར་	གཟའ་ལྷག་པ་	གཟའ་ཕུར་བུ་	གཟའ་པ་སངས་	གཟའ་སྤེན་པ་	གཟའ་ཉི་མ་	ཟླ་	མིར་	ལྷག་	ཕུར་	སངས་	སྤེན་	ཉི་	སྤྱི་ཟླ་དངཔ་	སྤྱི་ཟླ་གཉིས་པ་	སྤྱི་ཟླ་གསུམ་པ་	སྤྱི་ཟླ་བཞི་པ	སྤྱི་ཟླ་ལྔ་པ་	སྤྱི་ཟླ་དྲུག་པ	སྤྱི་ཟླ་བདུན་པ་	སྤྱི་ཟླ་བརྒྱད་པ་	སྤྱི་ཟླ་དགུ་པ་	སྤྱི་ཟླ་བཅུ་པ་	སྤྱི་ཟླ་བཅུ་གཅིག་པ་	སྤྱི་ཟླ་བཅུ་གཉིས་པ་	ཟླ་༡	ཟླ་༢	ཟླ་༣	ཟླ་༤	ཟླ་༥	ཟླ་༦	ཟླ་༧	ཟླ་༨	ཟླ་༩	ཟླ་༡༠	ཟླ་༡༡	ཟླ་༡༢	ཟླ་དངཔ་	ཟླ་གཉིས་པ་	ཟླ་གསུམ་པ་	ཟླ་བཞི་པ་	ཟླ་ལྔ་པ་	ཟླ་དྲུག་པ	ཟླ་བདུན་པ་	ཟླ་བརྒྱད་པ་	ཟླ་དགུ་པ་	ཟླ་བཅུ་པ་	ཟླ་བཅུ་གཅིག་པ་	ཟླ་བཅུ་གཉིས་པ་	༡	༢	༣	༤	༥	༦	༧	༨	༩	༡༠	༡༡	12	CE	CE	2049	GregorianCalendar	1
dz-BT	=	dz
ebu	KI	UT	/	:	dd/MM/yyyy	dddd, d MMMM yyyy	HH:mm	HH:mm:ss	dddd, d MMMM yyyy HH:mm:ss	MMMM d	MMMM yyyy	Kiumia	Njumatatu	Njumaine	Njumatano	Aramithi	Njumaa	NJumamothii	Kma	Tat	Ine	Tan	Arm	Maa	NMM	Mweri wa mbere	Mweri wa kaĩri	Mweri wa kathatũ	Mweri wa kana	Mweri wa gatano	Mweri wa gatantatũ	Mweri wa mũgwanja	Mweri wa kanana	Mweri wa kenda	Mweri wa ikũmi	Mweri wa ikũmi na ũmwe	Mweri wa ikũmi na Kaĩrĩ	Mbe	Kai	Kat	Kan	Gat	Gan	Mug	Knn	Ken	Iku	Imw	Igi	Mweri wa mbere	Mweri wa kaĩri	Mweri wa kathatũ	Mweri wa kana	Mweri wa gatano	Mweri wa gatantatũ	Mweri wa mũgwanja	Mweri wa kanana	Mweri wa kenda	Mweri wa ikũmi	Mweri wa ikũmi na ũmwe	Mweri wa ikũmi na Kaĩrĩ	Mbe	Kai	Kat	Kan	Gat	Gan	Mug	Knn	Ken	Iku	Imw	Igi	TK	TK	2049	GregorianCalendar	4
ebu-KE	=	ebu
ee	ŋdi	ɣetrɔ	/	:	M/d/yyyy	dddd, MMMM d 'lia' yyyy	tt 'ga' h:mm	tt 'ga' h:mm:ss	dddd, MMMM d 'lia' yyyy tt 'ga' h:mm:ss	MMMM d 'lia'	MMMM yyyy	kɔsiɖa	dzoɖa	blaɖa	kuɖa	yawoɖa	fiɖa	memleɖa	kɔs	dzo	bla	kuɖ	yaw	fiɖ	mem	dzove	dzodze	tedoxe	afɔfĩe	dame	masa	siamlɔm	deasiamime	anyɔnyɔ	kele	adeɛmekpɔxe	dzome	dzv	dzd	ted	afɔ	dam	mas	sia	dea	any	kel	ade	dzm	dzove	dzodze	tedoxe	afɔfĩe	dame	masa	siamlɔm	deasiamime	anyɔnyɔ	kele	adeɛmekpɔxe	dzome	dzv	dzd	ted	afɔ	dam	mas	sia	dea	any	kel	ade	dzm	Yŋ	Yŋ	2049	GregorianCalendar	0
ee-GH	=	ee
ee-TG	ŋdi	ɣetrɔ	/	:	M/d/yyyy	dddd, MMMM d 'lia' yyyy	HH:mm	HH:mm:ss	dddd, MMMM d 'lia' yyyy HH:mm:ss	MMMM d 'lia'	MMMM yyyy	kɔsiɖa	dzoɖa	blaɖa	kuɖa	yawoɖa	fiɖa	memleɖa	kɔs	dzo	bla	kuɖ	yaw	fiɖ	mem	dzove	dzodze	tedoxe	afɔfĩe	dame	masa	siamlɔm	deasiamime	anyɔnyɔ	kele	adeɛmekpɔxe	dzome	dzv	dzd	ted	afɔ	dam	mas	sia	dea	any	kel	ade	dzm	dzove	dzodze	tedoxe	afɔfĩe	dame	masa	siamlɔm	deasiamime	anyɔnyɔ	kele	adeɛmekpɔxe	dzome	dzv	dzd	ted	afɔ	dam	mas	sia	dea	any	kel	ade	dzm	Yŋ	Yŋ	2049	GregorianCalendar	0
el	π.μ.	μ.μ.	/	:	d/M/yyyy	dddd d MMMM yyyy	h:mm tt	h:mm:ss tt	dddd d MMMM yyyy h:mm:ss tt	d MMMM	MMMM yyyy	Κυριακή	Δευτέρα	Τρίτη	Τετάρτη	Πέμπτη	Παρασκευή	Σάββατο	Κυρ	Δευ	Τρί	Τετ	Πέμ	Παρ	Σάβ	Ιανουάριος	Φεβρουάριος	Μάρτιος	Απρίλιος	Μάιος	Ιούνιος	Ιούλιος	Αύγουστος	Σεπτέμβριος	Οκτώβριος	Νοέμβριος	Δεκέμβριος	Ιαν	Φεβ	Μάρ	Απρ	Μάι	Ιούν	Ιούλ	Αύγ	Σεπ	Οκτ	Νοέ	Δεκ	Ιανουαρίου	Φεβρουαρίου	Μαρτίου	Απριλίου	Μαΐου	Ιουνίου	Ιουλίου	Αυγούστου	Σεπτεμβρίου	Οκτωβρίου	Νοεμβρίου	Δεκεμβρίου	Ιαν	Φεβ	Μαρ	Απρ	Μαΐ	Ιουν	Ιουλ	Αυγ	Σεπ	Οκτ	Νοε	Δεκ	μ.Χ.	μ.Χ.	2049	GregorianCalendar	1
el-CY	=	el
el-GR	=	el
en	AM	PM	/	:	M/d/yyyy	dddd, MMMM d, yyyy	h:mm tt	h:mm:ss tt	dddd, MMMM d, yyyy h:mm:ss tt	MMMM d	MMMM yyyy	Sunday	Monday	Tuesday	Wednesday	Thursday	Friday	Saturday	Sun	Mon	Tue	Wed	Thu	Fri	Sat	January	February	March	April	May	June	July	August	September	October	November	December	Jan	Feb	Mar	Apr	May	Jun	Jul	Aug	Sep	Oct	Nov	Dec	January	February	March	April	May	June	July	August	September	October	November	December	Jan	Feb	Mar	Apr	May	Jun	Jul	Aug	Sep	Oct	Nov	Dec	AD	A	2049	GregorianCalendar	0
en-001	am	pm	/	:	dd/MM/yyyy	dddd, d MMMM yyyy	h:mm tt	h:mm:ss tt	dddd, d MMMM yyyy h:mm:ss tt	d MMMM	MMMM yyyy	Sunday	Monday	Tuesday	Wednesday	Thursday	Friday	Saturday	Sun	Mon	Tue	Wed	Thu	Fri	Sat	January	February	March	April	May	June	July	August	September	October	November	December	Jan	Feb	Mar	Apr	May	Jun	Jul	Aug	Sept	Oct	Nov	Dec	January	February	March	April	May	June	July	August	September	October	November	December	Jan	Feb	Mar	Apr	May	Jun	Jul	Aug	Sept	Oct	Nov	Dec	AD	AD	2049	GregorianCalendar	0
en-150	am	pm	/	:	dd/MM/yyyy	dddd, d MMMM yyyy	HH:mm	HH:mm:ss	dddd, d MMMM yyyy HH:mm:ss	d MMMM	MMMM yyyy	Sunday	Monday	Tuesday	Wednesday	Thursday	Friday	Saturday	Sun	Mon	Tue	Wed	Thu	Fri	Sat	January	February	March	April	May	June	July	August	September	October	November	December	Jan	Feb	Mar	Apr	May	Jun	Jul	Aug	Sept	Oct	Nov	Dec	January	February	March	April	May	June	July	August	September	October	November	December	Jan	Feb	Mar	Apr	May	Jun	Jul	Aug	Sept	Oct	Nov	Dec	AD	AD	2049	GregorianCalendar	0
en-AE	AM	PM	/	:	dd/MM/yyyy	dddd, d MMMM yyyy	h:mm tt	h:mm:ss tt	dddd, d MMMM yyyy h:mm:ss tt	d MMMM	MMMM yyyy	Sunday	Monday	Tuesday	Wednesday	Thursday	Friday	Saturday	Sun	Mon	Tue	Wed	Thu	Fri	Sat	January	February	March	April	May	June	July	August	September	October	November	December	Jan	Feb	Mar	Apr	May	Jun	Jul	Aug	Sep	Oct	Nov	Dec	January	February	March	April	May	June	July	August	September	October	November	December	Jan	Feb	Mar	Apr	May	Jun	Jul	Aug	Sep	Oct	Nov	Dec	AD	AD	2049	GregorianCalendar	0
en-AG	=	en-001
en-AI	=	en-150
en-AS	=	en
en-AT	=	en-150
en-AU	am	pm	/	:	d/M/yyyy	dddd, d MMMM yyyy	h:mm tt	h:mm:ss tt	dddd, d MMMM yyyy h:mm:ss tt	d MMMM	MMMM yyyy	Sunday	Monday	Tuesday	Wednesday	Thursday	Friday	Saturday	Sun	Mon	Tue	Wed	Thu	Fri	Sat	January	February	March	April	May	June	July	August	September	October	November	December	Jan	Feb	Mar	Apr	May	June	July	Aug	Sept	Oct	Nov	Dec	January	February	March	April	May	June	July	August	September	October	November	December	Jan	Feb	Mar	Apr	May	June	July	Aug	Sept	Oct	Nov	Dec	AD	AD	2049	GregorianCalendar	0
en-BB	=	en-001
en-BE	=	en-150
en-BI	AM	PM	/	:	M/d/yyyy	dddd, MMMM d, yyyy	HH:mm	HH:mm:ss	dddd, MMMM d, yyyy HH:mm:ss	MMMM d	MMMM yyyy	Sunday	Monday	Tuesday	Wednesday	Thursday	Friday	Saturday	Sun	Mon	Tue	Wed	Thu	Fri	Sat	January	February	March	April	May	June	July	August	September	October	November	December	Jan	Feb	Mar	Apr	May	Jun	Jul	Aug	Sep	Oct	Nov	Dec	January	February	March	April	May	June	July	August	September	October	November	December	Jan	Feb	Mar	Apr	May	Jun	Jul	Aug	Sep	Oct	Nov	Dec	AD	AD	2049	GregorianCalendar	0
en-BM	=	en-001
en-BS	=	en-001
en-BW	am	pm	/	:	dd/MM/yyyy	dddd, dd MMMM yyyy	HH:mm	HH:mm:ss	dddd, dd MMMM yyyy HH:mm:ss	d MMMM	MMMM yyyy	Sunday	Monday	Tuesday	Wednesday	Thursday	Friday	Saturday	Sun	Mon	Tue	Wed	Thu	Fri	Sat	January	February	March	April	May	June	July	August	September	October	November	December	Jan	Feb	Mar	Apr	May	Jun	Jul	Aug	Sept	Oct	Nov	Dec	January	February	March	April	May	June	July	August	September	October	November	December	Jan	Feb	Mar	Apr	May	Jun	Jul	Aug	Sept	Oct	Nov	Dec	AD	AD	2049	GregorianCalendar	0
en-BZ	=	en-BW
en-CA	a.m.	p.m.	-	:	yyyy-MM-dd	dddd, MMMM d, yyyy	h:mm tt	h:mm:ss tt	dddd, MMMM d, yyyy h:mm:ss tt	MMMM d	MMMM yyyy	Sunday	Monday	Tuesday	Wednesday	Thursday	Friday	Saturday	Sun	Mon	Tue	Wed	Thu	Fri	Sat	January	February	March	April	May	June	July	August	September	October	November	December	Jan	Feb	Mar	Apr	May	Jun	Jul	Aug	Sep	Oct	Nov	Dec	January	February	March	April	May	June	July	August	September	October	November	December	Jan	Feb	Mar	Apr	May	Jun	Jul	Aug	Sep	Oct	Nov	Dec	AD	AD	2049	GregorianCalendar	0
en-CC	=	en-150
en-CH	am	pm	.	:	dd.MM.yyyy	dddd, d MMMM yyyy	HH:mm	HH:mm:ss	dddd, d MMMM yyyy HH:mm:ss	d MMMM	MMMM yyyy	Sunday	Monday	Tuesday	Wednesday	Thursday	Friday	Saturday	Sun	Mon	Tue	Wed	Thu	Fri	Sat	January	February	March	April	May	June	July	August	September	October	November	December	Jan	Feb	Mar	Apr	May	Jun	Jul	Aug	Sept	Oct	Nov	Dec	January	February	March	April	May	June	July	August	September	October	November	December	Jan	Feb	Mar	Apr	May	Jun	Jul	Aug	Sept	Oct	Nov	Dec	AD	AD	2049	GregorianCalendar	0
en-CK	=	en-150
en-CM	=	en-150
en-CX	=	en-150
en-CY	=	en-001
en-DE	=	en-150
en-DG	=	en-150
en-DK	am	pm	/	.	dd/MM/yyyy	dddd, d MMMM yyyy	HH.mm	HH.mm.ss	dddd, d MMMM yyyy HH.mm.ss	d MMMM	MMMM yyyy	Sunday	Monday	Tuesday	Wednesday	Thursday	Friday	Saturday	Sun	Mon	Tue	Wed	Thu	Fri	Sat	January	February	March	April	May	June	July	August	September	October	November	December	Jan	Feb	Mar	Apr	May	Jun	Jul	Aug	Sept	Oct	Nov	Dec	January	February	March	April	May	June	July	August	September	October	November	December	Jan	Feb	Mar	Apr	May	Jun	Jul	Aug	Sept	Oct	Nov	Dec	AD	AD	2049	GregorianCalendar	0
en-DM	=	en-001
en-ER	=	en-001
en-FI	am	pm	/	.	dd/MM/yyyy	dddd, d MMMM yyyy	H.mm	H.mm.ss	dddd, d MMMM yyyy H.mm.ss	d MMMM	MMMM yyyy	Sunday	Monday	Tuesday	Wednesday	Thursday	Friday	Saturday	Sun	Mon	Tue	Wed	Thu	Fri	Sat	January	February	March	April	May	June	July	August	September	October	November	December	Jan	Feb	Mar	Apr	May	Jun	Jul	Aug	Sept	Oct	Nov	Dec	January	February	March	April	May	June	July	August	September	October	November	December	Jan	Feb	Mar	Apr	May	Jun	Jul	Aug	Sept	Oct	Nov	Dec	AD	AD	2049	GregorianCalendar	0
en-FJ	=	en-001
en-FK	=	en-150
en-FM	=	en-001
en-GB	=	en-150
en-GD	=	en-001
en-GG	=	en-150
en-GH	=	en-001
en-GI	=	en-150
en-GM	=	en-001
en-GU	=	en
en-GY	=	en-001
en-HK	am	pm	/	:	d/M/yyyy	dddd, d MMMM yyyy	h:mm tt	h:mm:ss tt	dddd, d MMMM yyyy h:mm:ss tt	d MMMM	MMMM yyyy	Sunday	Monday	Tuesday	Wednesday	Thursday	Friday	Saturday	Sun	Mon	Tue	Wed	Thu	Fri	Sat	January	February	March	April	May	June	July	August	September	October	November	December	Jan	Feb	Mar	Apr	May	Jun	Jul	Aug	Sept	Oct	Nov	Dec	January	February	March	April	May	June	July	August	September	October	November	December	Jan	Feb	Mar	Apr	May	Jun	Jul	Aug	Sept	Oct	Nov	Dec	AD	AD	2049	GregorianCalendar	0
en-ID	=	en-DK
en-IE	a.m.	p.m.	/	:	dd/MM/yyyy	dddd d MMMM yyyy	HH:mm	HH:mm:ss	dddd d MMMM yyyy HH:mm:ss	d MMMM	MMMM yyyy	Sunday	Monday	Tuesday	Wednesday	Thursday	Friday	Saturday	Sun	Mon	Tue	Wed	Thu	Fri	Sat	January	February	March	April	May	June	July	August	September	October	November	December	Jan	Feb	Mar	Apr	May	Jun	Jul	Aug	Sept	Oct	Nov	Dec	January	February	March	April	May	June	July	August	September	October	November	December	Jan	Feb	Mar	Apr	May	Jun	Jul	Aug	Sept	Oct	Nov	Dec	AD	AD	2049	GregorianCalendar	0
en-IL	am	pm	/	:	dd/MM/yyyy	dddd, d MMMM yyyy	H:mm	H:mm:ss	dddd, d MMMM yyyy H:mm:ss	d MMMM	MMMM yyyy	Sunday	Monday	Tuesday	Wednesday	Thursday	Friday	Saturday	Sun	Mon	Tue	Wed	Thu	Fri	Sat	January	February	March	April	May	June	July	August	September	October	November	December	Jan	Feb	Mar	Apr	May	Jun	Jul	Aug	Sept	Oct	Nov	Dec	January	February	March	April	May	June	July	August	September	October	November	December	Jan	Feb	Mar	Apr	May	Jun	Jul	Aug	Sept	Oct	Nov	Dec	AD	AD	2049	GregorianCalendar	0
en-IM	=	en-150
en-IN	=	en-001
en-IO	=	en-150
en-JE	=	en-150
en-JM	=	en-001
en-KE	=	en-150
en-KI	=	en-001
en-KN	=	en-001
en-KY	=	en-001
en-LC	=	en-001
en-LR	=	en-001
en-LS	=	en-001
en-MG	=	en-150
en-MH	=	en
en-MO	=	en-001
en-MP	=	en
en-MS	=	en-150
en-MT	=	en-150
en-MU	=	en-150
en-MV	am	pm	-	:	d-M-yyyy	dddd d MMMM yyyy	HH:mm	HH:mm:ss	dddd d MMMM yyyy HH:mm:ss	d MMMM	MMMM yyyy	Sunday	Monday	Tuesday	Wednesday	Thursday	Friday	Saturday	Sun	Mon	Tue	Wed	Thu	Fri	Sat	January	February	March	April	May	June	July	August	September	October	November	December	Jan	Feb	Mar	Apr	May	Jun	Jul	Aug	Sept	Oct	Nov	Dec	January	February	March	April	May	June	July	August	September	October	November	December	Jan	Feb	Mar	Apr	May	Jun	Jul	Aug	Sept	Oct	Nov	Dec	AD	AD	2049	GregorianCalendar	0
en-MW	=	en-001
en-MY	=	en-001
en-NA	=	en-001
en-NF	=	en-150
en-NG	=	en-150
en-NL	=	en-150
en-NR	=	en-150
en-NU	=	en-150
en-NZ	=	en-001
en-PG	=	en-001
en-PH	=	en
en-PK	=	en-001
en-PN	=	en-150
en-PR	=	en
en-PW	=	en-001
en-RW	=	en-150
en-SB	=	en-001
en-SC	=	en-150
en-SD	=	en-001
en-SE	am	pm	-	:	yyyy-MM-dd	dddd, d MMMM yyyy	HH:mm	HH:mm:ss	dddd, d MMMM yyyy HH:mm:ss	d MMMM	MMMM yyyy	Sunday	Monday	Tuesday	Wednesday	Thursday	Friday	Saturday	Sun	Mon	Tue	Wed	Thu	Fri	Sat	January	February	March	April	May	June	July	August	September	October	November	December	Jan	Feb	Mar	Apr	May	Jun	Jul	Aug	Sept	Oct	Nov	Dec	January	February	March	April	May	June	July	August	September	October	November	December	Jan	Feb	Mar	Apr	May	Jun	Jul	Aug	Sept	Oct	Nov	Dec	AD	AD	2049	GregorianCalendar	0
en-SG	=	en-HK
en-SH	=	en-150
en-SI	=	en-150
en-SL	=	en-001
en-SS	=	en-001
en-SX	=	en-150
en-SZ	=	en-001
en-TC	=	en-001
en-TK	=	en-150
en-TO	=	en-001
en-TT	=	en-001
en-TV	=	en-150
en-TZ	=	en-150
en-UG	=	en-150
en-UM	=	en
en-US	=	en
en-US-POSIX	=	en
en-VC	=	en-001
en-VG	=	en-001
en-VI	=	en
en-VU	=	en-001
en-WS	=	en-001
en-ZA	am	pm	/	:	yyyy/MM/dd	dddd, dd MMMM yyyy	HH:mm	HH:mm:ss	dddd, dd MMMM yyyy HH:mm:ss	d MMMM	MMMM yyyy	Sunday	Monday	Tuesday	Wednesday	Thursday	Friday	Saturday	Sun	Mon	Tue	Wed	Thu	Fri	Sat	January	February	March	April	May	June	July	August	September	October	November	December	Jan	Feb	Mar	Apr	May	Jun	Jul	Aug	Sept	Oct	Nov	Dec	January	February	March	April	May	June	July	August	September	October	November	December	Jan	Feb	Mar	Apr	May	Jun	Jul	Aug	Sept	Oct	Nov	Dec	AD	AD	2049	GregorianCalendar	0
en-ZM	=	en-001
en-ZW	am	pm	/	:	d/M/yyyy	dddd, dd MMMM yyyy	HH:mm	HH:mm:ss	dddd, dd MMMM yyyy HH:mm:ss	d MMMM	MMMM yyyy	Sunday	Monday	Tuesday	Wednesday	Thursday	Friday	Saturday	Sun	Mon	Tue	Wed	Thu	Fri	Sat	January	February	March	April	May	June	July	August	September	October	November	December	Jan	Feb	Mar	Apr	May	Jun	Jul	Aug	Sept	Oct	Nov	Dec	January	February	March	April	May	June	July	August	September	October	November	December	Jan	Feb	Mar	Apr	May	Jun	Jul	Aug	Sept	Oct	Nov	Dec	AD	AD	2049	GregorianCalendar	0
eo	atm	ptm	-	:	yyyy-MM-dd	dddd, 'la' d-'a' 'de' MMMM yyyy	HH:mm	HH:mm:ss	dddd, 'la' d-'a' 'de' MMMM yyyy HH:mm:ss	MMMM d	yyyy MMMM	dimanĉo	lundo	mardo	merkredo	ĵaŭdo	vendredo	sabato	di	lu	ma	me	ĵa	ve	sa	Januaro	Februaro	Marto	Aprilo	Majo	Junio	Julio	Aŭgusto	Septembro	Oktobro	Novembro	Decembro	Jan	Feb	Mar	Apr	Maj	Jun	Jul	Aŭg	Sep	Okt	Nov	Dec	Januaro	Februaro	Marto	Aprilo	Majo	Junio	Julio	Aŭgusto	Septembro	Oktobro	Novembro	Decembro	Jan	Feb	Mar	Apr	Maj	Jun	Jul	Aŭg	Sep	Okt	Nov	Dec	n.e.	n.e.	2049	GregorianCalendar	0
eo-001	=	eo
es	a. m.	p. m.	/	:	d/M/yyyy	dddd, d 'de' MMMM 'de' yyyy	H:mm	H:mm:ss	dddd, d 'de' MMMM 'de' yyyy H:mm:ss	d 'de' MMMM	MMMM 'de' yyyy	domingo	lunes	martes	miércoles	jueves	viernes	sábado	dom	lun	mar	mié	jue	vie	sáb	enero	febrero	marzo	abril	mayo	junio	julio	agosto	septiembre	octubre	noviembre	diciembre	ene	feb	mar	abr	may	jun	jul	ago	sept	oct	nov	dic	enero	febrero	marzo	abril	mayo	junio	julio	agosto	septiembre	octubre	noviembre	diciembre	ene	feb	mar	abr	may	jun	jul	ago	sept	oct	nov	dic	d. C.	d. C.	2049	GregorianCalendar	0
es-419	a.m.	p.m.	/	:	d/M/yyyy	dddd, d 'de' MMMM 'de' yyyy	h:mm tt	h:mm:ss tt	dddd, d 'de' MMMM 'de' yyyy h:mm:ss tt	d 'de' MMMM	MMMM 'de' yyyy	domingo	lunes	martes	miércoles	jueves	viernes	sábado	dom	lun	mar	mié	jue	vie	sáb	enero	febrero	marzo	abril	mayo	junio	julio	agosto	septiembre	octubre	noviembre	diciembre	ene	feb	mar	abr	may	jun	jul	ago	sept	oct	nov	dic	enero	febrero	marzo	abril	mayo	junio	julio	agosto	septiembre	octubre	noviembre	diciembre	ene	feb	mar	abr	may	jun	jul	ago	sept	oct	nov	dic	d.C.	d.C.	2049	GregorianCalendar	0
es-AR	a. m.	p. m.	/	:	d/M/yyyy	dddd, d 'de' MMMM 'de' yyyy	h:mm tt	h:mm:ss tt	dddd, d 'de' MMMM 'de' yyyy h:mm:ss tt	d 'de' MMMM	MMMM 'de' yyyy	domingo	lunes	martes	miércoles	jueves	viernes	sábado	dom	lun	mar	mié	jue	vie	sáb	enero	febrero	marzo	abril	mayo	junio	julio	agosto	septiembre	octubre	noviembre	diciembre	ene	feb	mar	abr	may	jun	jul	ago	sept	oct	nov	dic	enero	febrero	marzo	abril	mayo	junio	julio	agosto	septiembre	octubre	noviembre	diciembre	ene	feb	mar	abr	may	jun	jul	ago	sept	oct	nov	dic	d.C.	d.C.	2049	GregorianCalendar	0
es-BO	=	es-AR
es-BR	a.m.	p.m.	/	:	d/M/yyyy	dddd, d 'de' MMMM 'de' yyyy	HH:mm	HH:mm:ss	dddd, d 'de' MMMM 'de' yyyy HH:mm:ss	d 'de' MMMM	MMMM 'de' yyyy	domingo	lunes	martes	miércoles	jueves	viernes	sábado	dom	lun	mar	mié	jue	vie	sáb	enero	febrero	marzo	abril	mayo	junio	julio	agosto	septiembre	octubre	noviembre	diciembre	ene	feb	mar	abr	may	jun	jul	ago	sept	oct	nov	dic	enero	febrero	marzo	abril	mayo	junio	julio	agosto	septiembre	octubre	noviembre	diciembre	ene	feb	mar	abr	may	jun	jul	ago	sept	oct	nov	dic	d.C.	d.C.	2049	GregorianCalendar	0
es-BZ	=	es-BR
es-CL	a. m.	p. m.	-	:	dd-MM-yyyy	dddd, d 'de' MMMM 'de' yyyy	h:mm tt	h:mm:ss tt	dddd, d 'de' MMMM 'de' yyyy h:mm:ss tt	d 'de' MMMM	MMMM 'de' yyyy	domingo	lunes	martes	miércoles	jueves	viernes	sábado	dom	lun	mar	mié	jue	vie	sáb	enero	febrero	marzo	abril	mayo	junio	julio	agosto	septiembre	octubre	noviembre	diciembre	ene.	feb.	mar.	abr.	may.	jun.	jul.	ago.	sept.	oct.	nov.	dic.	enero	febrero	marzo	abril	mayo	junio	julio	agosto	septiembre	octubre	noviembre	diciembre	ene	feb	mar	abr	may	jun	jul	ago	sept	oct	nov	dic	d.C.	d.C.	2049	GregorianCalendar	1
es-CO	a. m.	p. m.	/	:	d/MM/yyyy	dddd, d 'de' MMMM 'de' yyyy	h:mm tt	h:mm:ss tt	dddd, d 'de' MMMM 'de' yyyy h:mm:ss tt	d 'de' MMMM	MMMM 'de' yyyy	domingo	lunes	martes	miércoles	jueves	viernes	sábado	dom	lun	mar	mié	jue	vie	sáb	enero	febrero	marzo	abril	mayo	junio	julio	agosto	septiembre	octubre	noviembre	diciembre	ene.	feb.	mar.	abr.	may.	jun.	jul.	ago.	sept.	oct.	nov.	dic.	enero	febrero	marzo	abril	mayo	junio	julio	agosto	septiembre	octubre	noviembre	diciembre	ene	feb	mar	abr	may	jun	jul	ago	sept	oct	nov	dic	d.C.	d.C.	2049	GregorianCalendar	1
es-CR	=	es-AR
es-CU	=	es-419
es-DO	=	es-AR
es-EA	=	es
es-EC	=	es-AR
es-ES	=	es
es-GQ	=	es
es-GT	a. m.	p. m.	/	:	d/MM/yyyy	dddd, d 'de' MMMM 'de' yyyy	h:mm tt	h:mm:ss tt	dddd, d 'de' MMMM 'de' yyyy h:mm:ss tt	d 'de' MMMM	MMMM 'de' yyyy	domingo	lunes	martes	miércoles	jueves	viernes	sábado	dom	lun	mar	mié	jue	vie	sáb	enero	febrero	marzo	abril	mayo	junio	julio	agosto	septiembre	octubre	noviembre	diciembre	ene	feb	mar	abr	may	jun	jul	ago	sept	oct	nov	dic	enero	febrero	marzo	abril	mayo	junio	julio	agosto	septiembre	octubre	noviembre	diciembre	ene	feb	mar	abr	may	jun	jul	ago	sept	oct	nov	dic	d.C.	d.C.	2049	GregorianCalendar	0
es-HN	a. m.	p. m.	/	:	d/M/yyyy	dddd dd 'de' MMMM 'de' yyyy	h:mm tt	h:mm:ss tt	dddd dd 'de' MMMM 'de' yyyy h:mm:ss tt	d 'de' MMMM	MMMM 'de' yyyy	domingo	lunes	martes	miércoles	jueves	viernes	sábado	dom	lun	mar	mié	jue	vie	sáb	enero	febrero	marzo	abril	mayo	junio	julio	agosto	septiembre	octubre	noviembre	diciembre	ene	feb	mar	abr	may	jun	jul	ago	sept	oct	nov	dic	enero	febrero	marzo	abril	mayo	junio	julio	agosto	septiembre	octubre	noviembre	diciembre	ene	feb	mar	abr	may	jun	jul	ago	sept	oct	nov	dic	d.C.	d.C.	2049	GregorianCalendar	0
es-IC	=	es
es-MX	a.m.	p.m.	/	:	dd/MM/yyyy	dddd, d 'de' MMMM 'de' yyyy	h:mm tt	h:mm:ss tt	dddd, d 'de' MMMM 'de' yyyy h:mm:ss tt	d 'de' MMMM	MMMM 'de' yyyy	domingo	lunes	martes	miércoles	jueves	viernes	sábado	dom	lun	mar	mié	jue	vie	sáb	enero	febrero	marzo	abril	mayo	junio	julio	agosto	septiembre	octubre	noviembre	diciembre	ene	feb	mar	abr	may	jun	jul	ago	sep	oct	nov	dic	enero	febrero	marzo	abril	mayo	junio	julio	agosto	septiembre	octubre	noviembre	diciembre	ene	feb	mar	abr	may	jun	jul	ago	sep	oct	nov	dic	d.C.	d.C.	2049	GregorianCalendar	0
es-NI	=	es-AR
es-PA	a. m.	p. m.	/	:	MM/dd/yyyy	dddd, d 'de' MMMM 'de' yyyy	h:mm tt	h:mm:ss tt	dddd, d 'de' MMMM 'de' yyyy h:mm:ss tt	d 'de' MMMM	MMMM 'de' yyyy	domingo	lunes	martes	miércoles	jueves	viernes	sábado	dom	lun	mar	mié	jue	vie	sáb	enero	febrero	marzo	abril	mayo	junio	julio	agosto	septiembre	octubre	noviembre	diciembre	ene	feb	mar	abr	may	jun	jul	ago	sept	oct	nov	dic	enero	febrero	marzo	abril	mayo	junio	julio	agosto	septiembre	octubre	noviembre	diciembre	ene	feb	mar	abr	may	jun	jul	ago	sept	oct	nov	dic	d.C.	d.C.	2049	GregorianCalendar	0
es-PE	a. m.	p. m.	/	:	d/MM/yyyy	dddd, d 'de' MMMM 'de' yyyy	h:mm tt	h:mm:ss tt	dddd, d 'de' MMMM 'de' yyyy h:mm:ss tt	d 'de' MMMM	MMMM 'de' yyyy	domingo	lunes	martes	miércoles	jueves	viernes	sábado	dom	lun	mar	mié	jue	vie	sáb	Enero	Febrero	Marzo	Abril	Mayo	Junio	Julio	Agosto	Setiembre	Octubre	Noviembre	Diciembre	Ene.	Feb.	Mar.	Abr.	May.	Jun.	Jul.	Ago.	Set.	Oct.	Nov.	Dic.	enero	febrero	marzo	abril	mayo	junio	julio	agosto	setiembre	octubre	noviembre	diciembre	ene.	feb.	mar.	abr.	may.	jun.	jul.	ago.	set.	oct.	nov.	dic.	d.C.	d.C.	2049	GregorianCalendar	1
es-PH	a. m.	p. m.	/	:	d/M/yyyy	dddd, d 'de' MMMM 'de' yyyy	h:mm tt	h:mm:ss tt	dddd, d 'de' MMMM 'de' yyyy h:mm:ss tt	d 'de' MMMM	MMMM 'de' yyyy	domingo	lunes	martes	miércoles	jueves	viernes	sábado	dom	lun	mar	mié	jue	vie	sáb	enero	febrero	marzo	abril	mayo	junio	julio	agosto	septiembre	octubre	noviembre	diciembre	ene	feb	mar	abr	may	jun	jul	ago	sept	oct	nov	dic	enero	febrero	marzo	abril	mayo	junio	julio	agosto	septiembre	octubre	noviembre	diciembre	ene	feb	mar	abr	may	jun	jul	ago	sept	oct	nov	dic	d. C.	d. C.	2049	GregorianCalendar	0
es-PR	=	es-PA
es-PY	a. m.	p. m.	/	:	d/M/yyyy	dddd, d 'de' MMMM 'de' yyyy	h:mm tt	h:mm:ss tt	dddd, d 'de' MMMM 'de' yyyy h:mm:ss tt	d 'de' MMMM	MMMM 'de' yyyy	domingo	lunes	martes	miércoles	jueves	viernes	sábado	dom	lun	mar	mié	jue	vie	sáb	enero	febrero	marzo	abril	mayo	junio	julio	agosto	septiembre	octubre	noviembre	diciembre	ene.	feb.	mar.	abr.	may.	jun.	jul.	ago.	sept.	oct.	nov.	dic.	enero	febrero	marzo	abril	mayo	junio	julio	agosto	septiembre	octubre	noviembre	diciembre	ene.	feb.	mar.	abr.	may.	jun.	jul.	ago.	sept.	oct.	nov.	dic.	d.C.	d.C.	2049	GregorianCalendar	0
es-SV	=	es-AR
es-US	=	es-419
es-UY	a. m.	p. m.	/	:	d/M/yyyy	dddd, d 'de' MMMM 'de' yyyy	h:mm tt	h:mm:ss tt	dddd, d 'de' MMMM 'de' yyyy h:mm:ss tt	d 'de' MMMM	MMMM 'de' yyyy	domingo	lunes	martes	miércoles	jueves	viernes	sábado	dom	lun	mar	mié	jue	vie	sáb	Enero	Febrero	Marzo	Abril	Mayo	Junio	Julio	Agosto	Setiembre	Octubre	Noviembre	Diciembre	Ene.	Feb.	Mar.	Abr.	May.	Jun.	Jul.	Ago.	Set.	Oct.	Nov.	Dic.	enero	febrero	marzo	abril	mayo	junio	julio	agosto	setiembre	octubre	noviembre	diciembre	ene.	feb.	mar.	abr.	may.	jun.	jul.	ago.	set.	oct.	nov.	dic.	d.C.	d.C.	2049	GregorianCalendar	1
es-VE	=	es-PY
et	AM	PM	.	:	dd.MM.yyyy	dddd, d. MMMM yyyy	HH:mm	HH:mm:ss	dddd, d. MMMM yyyy HH:mm:ss	d. MMMM	MMMM yyyy	pühapäev	esmaspäev	teisipäev	kolmapäev	neljapäev	reede	laupäev	P	E	T	K	N	R	L	jaanuar	veebruar	märts	aprill	mai	juuni	juuli	august	september	oktoober	november	detsember	jaan	veebr	märts	apr	mai	juuni	juuli	aug	sept	okt	nov	dets	jaanuar	veebruar	märts	aprill	mai	juuni	juuli	august	september	oktoober	november	detsember	jaan	veebr	märts	apr	mai	juuni	juuli	aug	sept	okt	nov	dets	pKr	pKr	2049	GregorianCalendar	0
et-EE	=	et
eu	AM	PM	/	:	yyyy/M/d	yyyy('e')'ko' MMMM'ren' d('a'), dddd	HH:mm	HH:mm:ss	yyyy('e')'ko' MMMM'ren' d('a'), dddd HH:mm:ss	MMMM'ren' d('a')	yyyy('e')'ko' MMMM	igandea	astelehena	asteartea	asteazkena	osteguna	ostirala	larunbata	ig.	al.	ar.	az.	og.	or.	lr.	urtarrila	otsaila	martxoa	apirila	maiatza	ekaina	uztaila	abuztua	iraila	urria	azaroa	abendua	urt.	ots.	mar.	api.	mai.	eka.	uzt.	abu.	ira.	urr.	aza.	abe.	urtarrila	otsaila	martxoa	apirila	maiatza	ekaina	uztaila	abuztua	iraila	urria	azaroa	abendua	urt.	ots.	mar.	api.	mai.	eka.	uzt.	abu.	ira.	urr.	aza.	abe.	K.o.	o	2049	GregorianCalendar	0
eu-ES	=	eu
ewo	kíkíríg	ngəgógəle	/	:	d/M/yyyy	dddd d MMMM yyyy	HH:mm	HH:mm:ss	dddd d MMMM yyyy HH:mm:ss	MMMM d	yyyy MMMM	sɔ́ndɔ	mɔ́ndi	sɔ́ndɔ məlú mə́bɛ̌	sɔ́ndɔ məlú mə́lɛ́	sɔ́ndɔ məlú mə́nyi	fúladé	séradé	sɔ́n	mɔ́n	smb	sml	smn	fúl	sér	ngɔn osú	ngɔn bɛ̌	ngɔn lála	ngɔn nyina	ngɔn tána	ngɔn saməna	ngɔn zamgbála	ngɔn mwom	ngɔn ebulú	ngɔn awóm	ngɔn awóm ai dziá	ngɔn awóm ai bɛ̌	ngo	ngb	ngl	ngn	ngt	ngs	ngz	ngm	nge	nga	ngad	ngab	ngɔn osú	ngɔn bɛ̌	ngɔn lála	ngɔn nyina	ngɔn tána	ngɔn saməna	ngɔn zamgbála	ngɔn mwom	ngɔn ebulú	ngɔn awóm	ngɔn awóm ai dziá	ngɔn awóm ai bɛ̌	ngo	ngb	ngl	ngn	ngt	ngs	ngz	ngm	nge	nga	ngad	ngab	ayk	ayk	2049	GregorianCalendar	20
ewo-CM	=	ewo
fa	قبل‌ازظهر	بعدازظهر	/	:	yyyy/M/d	yyyy MMMM d, dddd	H:mm	H:mm:ss	yyyy MMMM d, dddd H:mm:ss	d MMMM	yyyy MMMM	یکشنبه	دوشنبه	سه‌شنبه	چهارشنبه	پنجشنبه	جمعه	شنبه	یکشنبه	دوشنبه	سه‌شنبه	چهارشنبه	پنجشنبه	جمعه	شنبه	فروردین	اردیبهشت	خرداد	تیر	مرداد	شهریور	مهر	آبان	آذر	دی	بهمن	اسفند	فروردین	اردیبهشت	خرداد	تیر	مرداد	شهریور	مهر	آبان	آذر	دی	بهمن	اسفند	فروردین	اردیبهشت	خرداد	تیر	مرداد	شهریور	مهر	آبان	آذر	دی	بهمن	اسفند	فروردین	اردیبهشت	خرداد	تیر	مرداد	شهریور	مهر	آبان	آذر	دی	بهمن	اسفند	ه‍.ش.	ه‍.ش.	1410	PersianCalendar	0
fa-AF	قبل‌ازظهر	بعدازظهر	/	:	yyyy/M/d	yyyy MMMM d, dddd	H:mm	H:mm:ss	yyyy MMMM d, dddd H:mm:ss	d MMMM	yyyy MMMM	یکشنبه	دوشنبه	سه‌شنبه	چهارشنبه	پنجشنبه	جمعه	شنبه	یکشنبه	دوشنبه	سه‌شنبه	چهارشنبه	پنجشنبه	جمعه	شنبه	حمل	ثور	جوزا	سرطان	اسد	سنبلهٔ	میزان	عقرب	قوس	جدی	دلو	حوت	حمل	ثور	جوزا	سرطان	اسد	سنبلهٔ	میزان	عقرب	قوس	جدی	دلو	حوت	حمل	ثور	جوزا	سرطان	اسد	سنبلهٔ	میزان	عقرب	قوس	جدی	دلو	حوت	حمل	ثور	جوزا	سرطان	اسد	سنبلهٔ	میزان	عقرب	قوس	جدی	دلو	حوت	ه‍.ش.	ه‍.ش.	1410	PersianCalendar	0
fa-IR	=	fa
ff	subaka	kikiiɗe	/	:	d/M/yyyy	dddd d MMMM yyyy	HH:mm	HH:mm:ss	dddd d MMMM yyyy HH:mm:ss	d MMMM	MMMM yyyy	dewo	aaɓnde	mawbaare	njeslaare	naasaande	mawnde	hoore-biir	dew	aaɓ	maw	nje	naa	mwd	hbi	siilo	colte	mbooy	seeɗto	duujal	korse	morso	juko	siilto	yarkomaa	jolal	bowte	sii	col	mbo	see	duu	kor	mor	juk	slt	yar	jol	bow	siilo	colte	mbooy	seeɗto	duujal	korse	morso	juko	siilto	yarkomaa	jolal	bowte	sii	col	mbo	see	duu	kor	mor	juk	slt	yar	jol	bow	C-I	C-I	2049	GregorianCalendar	0
ff-Adlm	𞤀𞤎	𞤇𞤎	-	:	d-M-yyyy	dddd d MMMM⹁ yyyy	HH:mm	HH:mm:ss	dddd d MMMM⹁ yyyy HH:mm:ss	d MMMM	MMMM yyyy	𞤈𞤫𞤬𞤦𞤭𞤪𞥆𞤫	𞤀𞥄𞤩𞤵𞤲𞥋𞤣𞤫	𞤃𞤢𞤱𞤦𞤢𞥄𞤪𞤫	𞤐𞤶𞤫𞤧𞤤𞤢𞥄𞤪𞤫	𞤐𞤢𞥄𞤧𞤢𞥄𞤲𞤣𞤫	𞤃𞤢𞤱𞤲𞤣𞤫	𞤖𞤮𞤪𞤦𞤭𞤪𞥆𞤫	𞤈𞤫𞤬	𞤀𞥄𞤩𞤵	𞤃𞤢𞤦	𞤔𞤫𞤧	𞤐𞤢𞥄𞤧	𞤃𞤢𞤣	𞤖𞤮𞤪	𞤅𞤭𞥅𞤤𞤮	𞤕𞤮𞤤𞤼𞤮	𞤐𞤦𞤮𞥅𞤴𞤮	𞤅𞤫𞥅𞤼𞤮	𞤁𞤵𞥅𞤶𞤮	𞤑𞤮𞤪𞤧𞤮	𞤃𞤮𞤪𞤧𞤮	𞤔𞤵𞤳𞤮	𞤅𞤭𞤤𞤼𞤮	𞤒𞤢𞤪𞤳𞤮	𞤔𞤮𞤤𞤮	𞤄𞤮𞤱𞤼𞤮	𞤅𞤭𞥅𞤤	𞤕𞤮𞤤	𞤐𞤦𞤮𞥅𞤴	𞤅𞤫𞥅𞤼	𞤁𞤵𞥅𞤶	𞤑𞤮𞤪	𞤃𞤮𞤪	𞤔𞤵𞤳	𞤅𞤭𞤤	𞤒𞤢𞤪	𞤔𞤮𞤤	𞤄𞤮𞤱	𞤅𞤭𞥅𞤤𞤮	𞤕𞤮𞤤𞤼𞤮	𞤐𞤦𞤮𞥅𞤴𞤮	𞤅𞤫𞥅𞤼𞤮	𞤁𞤵𞥅𞤶𞤮	𞤑𞤮𞤪𞤧𞤮	𞤃𞤮𞤪𞤧𞤮	𞤔𞤵𞤳𞤮	𞤅𞤭𞤤𞤼𞤮	𞤒𞤢𞤪𞤳𞤮	𞤔𞤮𞤤𞤮	𞤄𞤮𞤱𞤼𞤮	𞤅𞤭𞥅𞤤𞤮	𞤕𞤮𞤤𞤼𞤮	𞤐𞤦𞤮𞥅𞤴𞤮	𞤅𞤫𞥅𞤼𞤮	𞤁𞤵𞥅𞤶𞤮	𞤑𞤮𞤪𞤧𞤮	𞤃𞤮𞤪𞤧𞤮	𞤔𞤵𞤳𞤮	𞤅𞤭𞤤𞤼𞤮	𞤒𞤢𞤪𞤳𞤮	𞤔𞤮𞤤𞤮	𞤄𞤮𞤱𞤼𞤮	𞤇𞤀𞤋	𞤇𞤀𞤋	2049	GregorianCalendar	1
ff-Adlm-BF	=	ff-Adlm
ff-Adlm-CM	=	ff-Adlm
ff-Adlm-GH	𞤀𞤎	𞤇𞤎	-	:	d-M-yyyy	dddd d MMMM⹁ yyyy	h:mm tt	h:mm:ss tt	dddd d MMMM⹁ yyyy h:mm:ss tt	d MMMM	MMMM yyyy	𞤈𞤫𞤬𞤦𞤭𞤪𞥆𞤫	𞤀𞥄𞤩𞤵𞤲𞥋𞤣𞤫	𞤃𞤢𞤱𞤦𞤢𞥄𞤪𞤫	𞤐𞤶𞤫𞤧𞤤𞤢𞥄𞤪𞤫	𞤐𞤢𞥄𞤧𞤢𞥄𞤲𞤣𞤫	𞤃𞤢𞤱𞤲𞤣𞤫	𞤖𞤮𞤪𞤦𞤭𞤪𞥆𞤫	𞤈𞤫𞤬	𞤀𞥄𞤩𞤵	𞤃𞤢𞤦	𞤔𞤫𞤧	𞤐𞤢𞥄𞤧	𞤃𞤢𞤣	𞤖𞤮𞤪	𞤅𞤭𞥅𞤤𞤮	𞤕𞤮𞤤𞤼𞤮	𞤐𞤦𞤮𞥅𞤴𞤮	𞤅𞤫𞥅𞤼𞤮	𞤁𞤵𞥅𞤶𞤮	𞤑𞤮𞤪𞤧𞤮	𞤃𞤮𞤪𞤧𞤮	𞤔𞤵𞤳𞤮	𞤅𞤭𞤤𞤼𞤮	𞤒𞤢𞤪𞤳𞤮	𞤔𞤮𞤤𞤮	𞤄𞤮𞤱𞤼𞤮	𞤅𞤭𞥅𞤤	𞤕𞤮𞤤	𞤐𞤦𞤮𞥅𞤴	𞤅𞤫𞥅𞤼	𞤁𞤵𞥅𞤶	𞤑𞤮𞤪	𞤃𞤮𞤪	𞤔𞤵𞤳	𞤅𞤭𞤤	𞤒𞤢𞤪	𞤔𞤮𞤤	𞤄𞤮𞤱	𞤅𞤭𞥅𞤤𞤮	𞤕𞤮𞤤𞤼𞤮	𞤐𞤦𞤮𞥅𞤴𞤮	𞤅𞤫𞥅𞤼𞤮	𞤁𞤵𞥅𞤶𞤮	𞤑𞤮𞤪𞤧𞤮	𞤃𞤮𞤪𞤧𞤮	𞤔𞤵𞤳𞤮	𞤅𞤭𞤤𞤼𞤮	𞤒𞤢𞤪𞤳𞤮	𞤔𞤮𞤤𞤮	𞤄𞤮𞤱𞤼𞤮	𞤅𞤭𞥅𞤤𞤮	𞤕𞤮𞤤𞤼𞤮	𞤐𞤦𞤮𞥅𞤴𞤮	𞤅𞤫𞥅𞤼𞤮	𞤁𞤵𞥅𞤶𞤮	𞤑𞤮𞤪𞤧𞤮	𞤃𞤮𞤪𞤧𞤮	𞤔𞤵𞤳𞤮	𞤅𞤭𞤤𞤼𞤮	𞤒𞤢𞤪𞤳𞤮	𞤔𞤮𞤤𞤮	𞤄𞤮𞤱𞤼𞤮	𞤇𞤀𞤋	𞤇𞤀𞤋	2049	GregorianCalendar	1
ff-Adlm-GM	=	ff-Adlm-GH
ff-Adlm-GN	=	ff-Adlm
ff-Adlm-GW	=	ff-Adlm
ff-Adlm-LR	=	ff-Adlm-GH
ff-Adlm-MR	=	ff-Adlm-GH
ff-Adlm-NE	=	ff-Adlm
ff-Adlm-NG	=	ff-Adlm
ff-Adlm-SL	=	ff-Adlm-GH
ff-Adlm-SN	=	ff-Adlm
ff-Latn	=	ff
ff-Latn-BF	=	ff
ff-Latn-CM	=	ff
ff-Latn-GH	subaka	kikiiɗe	/	:	d/M/yyyy	dddd d MMMM yyyy	h:mm tt	h:mm:ss tt	dddd d MMMM yyyy h:mm:ss tt	d MMMM	MMMM yyyy	dewo	aaɓnde	mawbaare	njeslaare	naasaande	mawnde	hoore-biir	dew	aaɓ	maw	nje	naa	mwd	hbi	siilo	colte	mbooy	seeɗto	duujal	korse	morso	juko	siilto	yarkomaa	jolal	bowte	sii	col	mbo	see	duu	kor	mor	juk	slt	yar	jol	bow	siilo	colte	mbooy	seeɗto	duujal	korse	morso	juko	siilto	yarkomaa	jolal	bowte	sii	col	mbo	see	duu	kor	mor	juk	slt	yar	jol	bow	C-I	C-I	2049	GregorianCalendar	0
ff-Latn-GM	=	ff-Latn-GH
ff-Latn-GN	=	ff
ff-Latn-GW	=	ff
ff-Latn-LR	=	ff-Latn-GH
ff-Latn-MR	=	ff-Latn-GH
ff-Latn-NE	=	ff
ff-Latn-NG	=	ff
ff-Latn-SL	=	ff-Latn-GH
ff-Latn-SN	=	ff
fi	ap.	ip.	.	.	d.M.yyyy	dddd d. MMMM yyyy	H.mm	H.mm.ss	dddd d. MMMM yyyy H.mm.ss	d. MMMM	MMMM yyyy	sunnuntai	maanantai	tiistai	keskiviikko	torstai	perjantai	lauantai	su	ma	ti	ke	to	pe	la	tammikuu	helmikuu	maaliskuu	huhtikuu	toukokuu	kesäkuu	heinäkuu	elokuu	syyskuu	lokakuu	marraskuu	joulukuu	tammi	helmi	maalis	huhti	touko	kesä	heinä	elo	syys	loka	marras	joulu	tammikuuta	helmikuuta	maaliskuuta	huhtikuuta	toukokuuta	kesäkuuta	heinäkuuta	elokuuta	syyskuuta	lokakuuta	marraskuuta	joulukuuta	tammi	helmi	maalis	huhti	touko	kesä	heinä	elo	syys	loka	marras	joulu	jKr.	jKr	2049	GregorianCalendar	1
fi-FI	=	fi
fil	AM	PM	/	:	M/d/yyyy	dddd, MMMM d, yyyy	h:mm tt	h:mm:ss tt	dddd, MMMM d, yyyy h:mm:ss tt	MMMM d	MMMM yyyy	Linggo	Lunes	Martes	Miyerkules	Huwebes	Biyernes	Sabado	Lin	Lun	Mar	Miy	Huw	Biy	Sab	Enero	Pebrero	Marso	Abril	Mayo	Hunyo	Hulyo	Agosto	Setyembre	Oktubre	Nobyembre	Disyembre	Ene	Peb	Mar	Abr	May	Hun	Hul	Ago	Set	Okt	Nob	Dis	Enero	Pebrero	Marso	Abril	Mayo	Hunyo	Hulyo	Agosto	Setyembre	Oktubre	Nobyembre	Disyembre	Ene	Peb	Mar	Abr	May	Hun	Hul	Ago	Set	Okt	Nob	Dis	AD	AD	2049	GregorianCalendar	0
fil-PH	=	fil
fo	AM	PM	.	:	dd.MM.yyyy	dddd, d. MMMM yyyy	HH:mm	HH:mm:ss	dddd, d. MMMM yyyy HH:mm:ss	d. MMMM	MMMM yyyy	sunnudagur	mánadagur	týsdagur	mikudagur	hósdagur	fríggjadagur	leygardagur	sun	mán	týs	mik	hós	frí	ley	januar	februar	mars	apríl	mai	juni	juli	august	september	oktober	november	desember	jan	feb	mar	apr	mai	jun	jul	aug	sep	okt	nov	des	januar	februar	mars	apríl	mai	juni	juli	august	september	oktober	november	desember	jan.	feb.	mar.	apr.	mai	jun.	jul.	aug.	sep.	okt.	nov.	des.	e.Kr.	eKr	2049	GregorianCalendar	1
fo-DK	=	fo
fo-FO	=	fo
fr	AM	PM	/	:	dd/MM/yyyy	dddd d MMMM yyyy	HH:mm	HH:mm:ss	dddd d MMMM yyyy HH:mm:ss	d MMMM	MMMM yyyy	dimanche	lundi	mardi	mercredi	jeudi	vendredi	samedi	dim.	lun.	mar.	mer.	jeu.	ven.	sam.	janvier	février	mars	avril	mai	juin	juillet	août	septembre	octobre	novembre	décembre	janv.	févr.	mars	avr.	mai	juin	juil.	août	sept.	oct.	nov.	déc.	janvier	février	mars	avril	mai	juin	juillet	août	septembre	octobre	novembre	décembre	janv.	févr.	mars	avr.	mai	juin	juil.	août	sept.	oct.	nov.	déc.	ap. J.-C.	ap. J.-C.	2049	GregorianCalendar	0
fr-BE	AM	PM	/	:	d/MM/yyyy	dddd d MMMM yyyy	HH:mm	HH:mm:ss	dddd d MMMM yyyy HH:mm:ss	d MMMM	MMMM yyyy	dimanche	lundi	mardi	mercredi	jeudi	vendredi	samedi	dim.	lun.	mar.	mer.	jeu.	ven.	sam.	janvier	février	mars	avril	mai	juin	juillet	août	septembre	octobre	novembre	décembre	janv.	févr.	mars	avr.	mai	juin	juil.	août	sept.	oct.	nov.	déc.	janvier	février	mars	avril	mai	juin	juillet	août	septembre	octobre	novembre	décembre	janv.	févr.	mars	avr.	mai	juin	juil.	août	sept.	oct.	nov.	déc.	ap. J.-C.	ap. J.-C.	2049	GregorianCalendar	0
fr-BF	=	fr
fr-BI	=	fr
fr-BJ	=	fr
fr-BL	=	fr
fr-CA	a.m.	p.m.	-	:	yyyy-MM-dd	dddd d MMMM yyyy	HH 'h' mm	HH 'h' mm 'min' ss 's'	dddd d MMMM yyyy HH 'h' mm 'min' ss 's'	d MMMM	MMMM yyyy	dimanche	lundi	mardi	mercredi	jeudi	vendredi	samedi	dim.	lun.	mar.	mer.	jeu.	ven.	sam.	janvier	février	mars	avril	mai	juin	juillet	août	septembre	octobre	novembre	décembre	janv.	févr.	mars	avr.	mai	juin	juill.	août	sept.	oct.	nov.	déc.	janvier	février	mars	avril	mai	juin	juillet	août	septembre	octobre	novembre	décembre	janv.	févr.	mars	avr.	mai	juin	juill.	août	sept.	oct.	nov.	déc.	ap. J.-C.	ap. J.-C.	2049	GregorianCalendar	0
fr-CD	=	fr
fr-CF	=	fr
fr-CG	=	fr
fr-CH	AM	PM	.	:	dd.MM.yyyy	dddd, d MMMM yyyy	HH:mm	HH:mm:ss	dddd, d MMMM yyyy HH:mm:ss	d MMMM	MMMM yyyy	dimanche	lundi	mardi	mercredi	jeudi	vendredi	samedi	dim.	lun.	mar.	mer.	jeu.	ven.	sam.	janvier	février	mars	avril	mai	juin	juillet	août	septembre	octobre	novembre	décembre	janv.	févr.	mars	avr.	mai	juin	juil.	août	sept.	oct.	nov.	déc.	janvier	février	mars	avril	mai	juin	juillet	août	septembre	octobre	novembre	décembre	janv.	févr.	mars	avr.	mai	juin	juil.	août	sept.	oct.	nov.	déc.	ap. J.-C.	ap. J.-C.	2049	GregorianCalendar	0
fr-CI	=	fr
fr-CM	matin	soir	/	:	dd/MM/yyyy	dddd d MMMM yyyy	HH:mm	HH:mm:ss	dddd d MMMM yyyy HH:mm:ss	d MMMM	MMMM yyyy	dimanche	lundi	mardi	mercredi	jeudi	vendredi	samedi	dim.	lun.	mar.	mer.	jeu.	ven.	sam.	janvier	février	mars	avril	mai	juin	juillet	août	septembre	octobre	novembre	décembre	janv.	févr.	mars	avr.	mai	juin	juil.	août	sept.	oct.	nov.	déc.	janvier	février	mars	avril	mai	juin	juillet	août	septembre	octobre	novembre	décembre	janv.	févr.	mars	avr.	mai	juin	juil.	août	sept.	oct.	nov.	déc.	ap. J.-C.	ap. J.-C.	2049	GregorianCalendar	0
fr-DJ	AM	PM	/	:	dd/MM/yyyy	dddd d MMMM yyyy	h:mm tt	h:mm:ss tt	dddd d MMMM yyyy h:mm:ss tt	d MMMM	MMMM yyyy	dimanche	lundi	mardi	mercredi	jeudi	vendredi	samedi	dim.	lun.	mar.	mer.	jeu.	ven.	sam.	janvier	février	mars	avril	mai	juin	juillet	août	septembre	octobre	novembre	décembre	janv.	févr.	mars	avr.	mai	juin	juil.	août	sept.	oct.	nov.	déc.	janvier	février	mars	avril	mai	juin	juillet	août	septembre	octobre	novembre	décembre	janv.	févr.	mars	avr.	mai	juin	juil.	août	sept.	oct.	nov.	déc.	ap. J.-C.	ap. J.-C.	2049	GregorianCalendar	0
fr-DZ	=	fr-DJ
fr-FR	=	fr
fr-GA	=	fr
fr-GF	=	fr
fr-GN	=	fr
fr-GP	=	fr
fr-GQ	=	fr
fr-HT	=	fr
fr-KM	=	fr
fr-LU	=	fr
fr-MA	a.m.	p.m.	/	:	dd/MM/yyyy	dddd d MMMM yyyy	HH:mm	HH:mm:ss	dddd d MMMM yyyy HH:mm:ss	d MMMM	MMMM yyyy	dimanche	lundi	mardi	mercredi	jeudi	vendredi	samedi	dim.	lun.	mar.	mer.	jeu.	ven.	sam.	janvier	février	mars	avril	mai	juin	juillet	août	septembre	octobre	novembre	décembre	jan.	fév.	mar.	avr.	mai	jui.	juil.	août	sept.	oct.	nov.	déc.	janvier	février	mars	avril	mai	juin	juillet	août	septembre	octobre	novembre	décembre	jan.	fév.	mar.	avr.	mai	jui.	juil.	août	sept.	oct.	nov.	déc.	ap. J.-C.	ap. J.-C.	2049	GregorianCalendar	0
fr-MC	=	fr
fr-MF	=	fr
fr-MG	=	fr
fr-ML	=	fr
fr-MQ	=	fr
fr-MR	=	fr-DJ
fr-MU	=	fr
fr-NC	=	fr
fr-NE	=	fr
fr-PF	=	fr
fr-PM	=	fr
fr-RE	=	fr
fr-RW	=	fr
fr-SC	=	fr
fr-SN	=	fr
fr-SY	=	fr-DJ
fr-TD	=	fr-DJ
fr-TG	=	fr
fr-TN	=	fr-DJ
fr-VU	=	fr-DJ
fr-WF	=	fr
fr-YT	=	fr
fur	a.	p.	/	:	dd/MM/yyyy	dddd d 'di' MMMM 'dal' yyyy	HH:mm	HH:mm:ss	dddd d 'di' MMMM 'dal' yyyy HH:mm:ss	d 'di' MMMM	MMMM 'dal' yyyy	domenie	lunis	martars	miercus	joibe	vinars	sabide	dom	lun	mar	mie	joi	vin	sab	Zenâr	Fevrâr	Març	Avrîl	Mai	Jugn	Lui	Avost	Setembar	Otubar	Novembar	Dicembar	Zen	Fev	Mar	Avr	Mai	Jug	Lui	Avo	Set	Otu	Nov	Dic	Zenâr	Fevrâr	Març	Avrîl	Mai	Jugn	Lui	Avost	Setembar	Otubar	Novembar	Dicembar	Zen	Fev	Mar	Avr	Mai	Jug	Lui	Avo	Set	Otu	Nov	Dic	ddC	ddC	2049	GregorianCalendar	0
fur-IT	=	fur
fy	AM	PM	-	:	dd-MM-yyyy	dddd d MMMM yyyy	HH:mm	HH:mm:ss	dddd d MMMM yyyy HH:mm:ss	d MMMM	MMMM yyyy	snein	moandei	tiisdei	woansdei	tongersdei	freed	sneon	si	mo	ti	wo	to	fr	so	Jannewaris	Febrewaris	Maart	April	Maaie	Juny	July	Augustus	Septimber	Oktober	Novimber	Desimber	Jan	Feb	Mrt	Apr	Mai	Jun	Jul	Aug	Sep	Okt	Nov	Des	Jannewaris	Febrewaris	Maart	April	Maaie	Juny	July	Augustus	Septimber	Oktober	Novimber	Desimber	Jan	Feb	Mrt	Apr	Mai	Jun	Jul	Aug	Sep	Okt	Nov	Des	n.Kr.	n.K.	2049	GregorianCalendar	0
fy-NL	=	fy
ga	r.n.	i.n.	/	:	dd/MM/yyyy	dddd d MMMM yyyy	HH:mm	HH:mm:ss	dddd d MMMM yyyy HH:mm:ss	d MMMM	MMMM yyyy	Dé Domhnaigh	Dé Luain	Dé Máirt	Dé Céadaoin	Déardaoin	Dé hAoine	Dé Sathairn	Domh	Luan	Máirt	Céad	Déar	Aoine	Sath	Eanáir	Feabhra	Márta	Aibreán	Bealtaine	Meitheamh	Iúil	Lúnasa	Meán Fómhair	Deireadh Fómhair	Samhain	Nollaig	Ean	Feabh	Márta	Aib	Beal	Meith	Iúil	Lún	MFómh	DFómh	Samh	Noll	Eanáir	Feabhra	Márta	Aibreán	Bealtaine	Meitheamh	Iúil	Lúnasa	Meán Fómhair	Deireadh Fómhair	Samhain	Nollaig	Ean	Feabh	Márta	Aib	Beal	Meith	Iúil	Lún	MFómh	DFómh	Samh	Noll	AD	AD	2049	GregorianCalendar	20
ga-GB	=	ga
ga-IE	=	ga
gaa	LEEBI	SHWANE	-	:	yyyy-MM-dd	yyyy MMMM d, dddd	h:mm tt	h:mm:ss tt	yyyy MMMM d, dddd h:mm:ss tt	MMMM d	yyyy MMMM	Hɔgbaa	Ju	Jufɔ	Shɔ	Soo	Sohaa	Hɔɔ	Hɔgbaa	Ju	Jufɔ	Shɔ	Soo	Sohaa	Hɔɔ	Aharabata	Oflɔ	Otsokrikri	Abɛibe	Agbiɛnaa	Otukwajaŋ	Maawɛ	Manyawale	Gbo	Antɔŋ	Alemle	Afuabe	Aharabata	Oflɔ	Otsokrikri	Abɛibe	Agbiɛnaa	Otukwajaŋ	Maawɛ	Manyawale	Gbo	Antɔŋ	Alemle	Afuabe	Aharabata	Oflɔ	Otsokrikri	Abɛibe	Agbiɛnaa	Otukwajaŋ	Maawɛ	Manyawale	Gbo	Antɔŋ	Alemle	Afuabe	Aharabata	Oflɔ	Otsokrikri	Abɛibe	Agbiɛnaa	Otukwajaŋ	Maawɛ	Manyawale	Gbo	Antɔŋ	Alemle	Afuabe	CE	CE	2049	GregorianCalendar	0
gaa-GH	=	gaa
gd	m	f	/	:	dd/MM/yyyy	dddd, d'mh' MMMM yyyy	HH:mm	HH:mm:ss	dddd, d'mh' MMMM yyyy HH:mm:ss	d'mh' MMMM	MMMM yyyy	DiDòmhnaich	DiLuain	DiMàirt	DiCiadain	DiarDaoin	DihAoine	DiSathairne	DiD	DiL	DiM	DiC	Dia	Dih	DiS	Am Faoilleach	An Gearran	Am Màrt	An Giblean	An Cèitean	An t-Ògmhios	An t-Iuchar	An Lùnastal	An t-Sultain	An Dàmhair	An t-Samhain	An Dùbhlachd	Faoi	Gearr	Màrt	Gibl	Cèit	Ògmh	Iuch	Lùna	Sult	Dàmh	Samh	Dùbh	dhen Fhaoilleach	dhen Ghearran	dhen Mhàrt	dhen Ghiblean	dhen Chèitean	dhen Ògmhios	dhen Iuchar	dhen Lùnastal	dhen t-Sultain	dhen Dàmhair	dhen t-Samhain	dhen Dùbhlachd	Faoi	Gearr	Màrt	Gibl	Cèit	Ògmh	Iuch	Lùna	Sult	Dàmh	Samh	Dùbh	AD	A	2049	GregorianCalendar	5
gd-GB	=	gd
gl	a.m.	p.m.	/	:	dd/MM/yyyy	dddd, d 'de' MMMM 'de' yyyy	HH:mm	HH:mm:ss	dddd, d 'de' MMMM 'de' yyyy HH:mm:ss	d 'de' MMMM	MMMM 'de' yyyy	domingo	luns	martes	mércores	xoves	venres	sábado	dom.	luns	mar.	mér.	xov.	ven.	sáb.	xaneiro	febreiro	marzo	abril	maio	xuño	xullo	agosto	setembro	outubro	novembro	decembro	xan.	feb.	mar.	abr.	maio	xuño	xul.	ago.	set.	out.	nov.	dec.	xaneiro	febreiro	marzo	abril	maio	xuño	xullo	agosto	setembro	outubro	novembro	decembro	xan.	feb.	mar.	abr.	maio	xuño	xul.	ago.	set.	out.	nov.	dec.	d.C.	d.C.	2049	GregorianCalendar	0
gl-ES	=	gl
gsw	am Vormittag	am Namittag	.	:	dd.MM.yyyy	dddd, d. MMMM yyyy	HH:mm	HH:mm:ss	dddd, d. MMMM yyyy HH:mm:ss	d. MMMM	MMMM yyyy	Sunntig	Määntig	Ziischtig	Mittwuch	Dunschtig	Friitig	Samschtig	Su.	Mä.	Zi.	Mi.	Du.	Fr.	Sa.	Januar	Februar	März	April	Mai	Juni	Juli	Auguscht	Septämber	Oktoober	Novämber	Dezämber	Jan	Feb	Mär	Apr	Mai	Jun	Jul	Aug	Sep	Okt	Nov	Dez	Januar	Februar	März	April	Mai	Juni	Juli	Auguscht	Septämber	Oktoober	Novämber	Dezämber	Jan	Feb	Mär	Apr	Mai	Jun	Jul	Aug	Sep	Okt	Nov	Dez	n. Chr.	n. Chr.	2049	GregorianCalendar	0
gsw-CH	=	gsw
gsw-FR	=	gsw
gsw-LI	=	gsw
gu	AM	PM	/	:	d/M/yyyy	dddd, d MMMM, yyyy	hh:mm tt	hh:mm:ss tt	dddd, d MMMM, yyyy hh:mm:ss tt	d MMMM	MMMM yyyy	રવિવાર	સોમવાર	મંગળવાર	બુધવાર	ગુરુવાર	શુક્રવાર	શનિવાર	રવિ	સોમ	મંગળ	બુધ	ગુરુ	શુક્ર	શનિ	જાન્યુઆરી	ફેબ્રુઆરી	માર્ચ	એપ્રિલ	મે	જૂન	જુલાઈ	ઑગસ્ટ	સપ્ટેમ્બર	ઑક્ટોબર	નવેમ્બર	ડિસેમ્બર	જાન્યુ	ફેબ્રુ	માર્ચ	એપ્રિલ	મે	જૂન	જુલાઈ	ઑગસ્ટ	સપ્ટે	ઑક્ટો	નવે	ડિસે	જાન્યુઆરી	ફેબ્રુઆરી	માર્ચ	એપ્રિલ	મે	જૂન	જુલાઈ	ઑગસ્ટ	સપ્ટેમ્બર	ઑક્ટોબર	નવેમ્બર	ડિસેમ્બર	જાન્યુ	ફેબ્રુ	માર્ચ	એપ્રિલ	મે	જૂન	જુલાઈ	ઑગસ્ટ	સપ્ટે	ઑક્ટો	નવે	ડિસે	ઈ.સ.	ઇસ	2049	GregorianCalendar	0
gu-IN	=	gu
guz	Mambia	Mog	/	:	dd/MM/yyyy	dddd, d MMMM yyyy	HH:mm	HH:mm:ss	dddd, d MMMM yyyy HH:mm:ss	MMMM d	MMMM yyyy	Chumapiri	Chumatato	Chumaine	Chumatano	Aramisi	Ichuma	Esabato	Cpr	Ctt	Cmn	Cmt	Ars	Icm	Est	Chanuari	Feburari	Machi	Apiriri	Mei	Juni	Chulai	Agosti	Septemba	Okitoba	Nobemba	Disemba	Can	Feb	Mac	Apr	Mei	Jun	Cul	Agt	Sep	Okt	Nob	Dis	Chanuari	Feburari	Machi	Apiriri	Mei	Juni	Chulai	Agosti	Septemba	Okitoba	Nobemba	Disemba	Can	Feb	Mac	Apr	Mei	Jun	Cul	Agt	Sep	Okt	Nob	Dis	YK	YK	2049	GregorianCalendar	0
guz-KE	=	guz
gv	a.m.	p.m.	-	:	yyyy-MM-dd	yyyy MMMM d, dddd	HH:mm	HH:mm:ss	yyyy MMMM d, dddd HH:mm:ss	MMMM d	yyyy MMMM	Jedoonee	Jelhein	Jemayrt	Jercean	Jerdein	Jeheiney	Jesarn	Jed	Jel	Jem	Jerc	Jerd	Jeh	Jes	Jerrey-geuree	Toshiaght-arree	Mayrnt	Averil	Boaldyn	Mean-souree	Jerrey-souree	Luanistyn	Mean-fouyir	Jerrey-fouyir	Mee Houney	Mee ny Nollick	J-guer	T-arree	Mayrnt	Avrril	Boaldyn	M-souree	J-souree	Luanistyn	M-fouyir	J-fouyir	M-Houney	M-Nollick	Jerrey-geuree	Toshiaght-arree	Mayrnt	Averil	Boaldyn	Mean-souree	Jerrey-souree	Luanistyn	Mean-fouyir	Jerrey-fouyir	Mee Houney	Mee ny Nollick	J-guer	T-arree	Mayrnt	Avrril	Boaldyn	M-souree	J-souree	Luanistyn	M-fouyir	J-fouyir	M-Houney	M-Nollick	AD	AD	2049	GregorianCalendar	4
gv-IM	=	gv
ha	Safiya	Yamma	/	:	d/M/yyyy	dddd d MMMM, yyyy	HH:mm	HH:mm:ss	dddd d MMMM, yyyy HH:mm:ss	MMMM d	MMMM yyyy	Lahadi	Litinin	Talata	Laraba	Alhamis	Jummaʼa	Asabar	Lah	Lit	Tal	Lar	Alh	Jum	Asa	Janairu	Faburairu	Maris	Afirilu	Mayu	Yuni	Yuli	Agusta	Satumba	Oktoba	Nuwamba	Disamba	Jan	Fab	Mar	Afi	May	Yun	Yul	Agu	Sat	Okt	Nuw	Dis	Janairu	Faburairu	Maris	Afirilu	Mayu	Yuni	Yuli	Agusta	Satumba	Oktoba	Nuwamba	Disamba	Jan	Fab	Mar	Afi	May	Yun	Yul	Agu	Sat	Okt	Nuw	Dis	BHAI	BHAI	2049	GregorianCalendar	0
ha-GH	Safiya	Yamma	/	:	d/M/yyyy	dddd d MMMM, yyyy	h:mm tt	h:mm:ss tt	dddd d MMMM, yyyy h:mm:ss tt	MMMM d	MMMM yyyy	Lahadi	Litinin	Talata	Laraba	Alhamis	Jummaʼa	Asabar	Lah	Lit	Tal	Lar	Alh	Jum	Asa	Janairu	Faburairu	Maris	Afirilu	Mayu	Yuni	Yuli	Agusta	Satumba	Oktoba	Nuwamba	Disamba	Jan	Fab	Mar	Afi	May	Yun	Yul	Agu	Sat	Okt	Nuw	Dis	Janairu	Faburairu	Maris	Afirilu	Mayu	Yuni	Yuli	Agusta	Satumba	Oktoba	Nuwamba	Disamba	Jan	Fab	Mar	Afi	May	Yun	Yul	Agu	Sat	Okt	Nuw	Dis	BHAI	BHAI	2049	GregorianCalendar	0
ha-NE	=	ha
ha-NG	=	ha
haw	AM	PM	/	:	d/M/yyyy	dddd, d MMMM yyyy	h:mm tt	h:mm:ss tt	dddd, d MMMM yyyy h:mm:ss tt	MMMM d	yyyy MMMM	Lāpule	Poʻakahi	Poʻalua	Poʻakolu	Poʻahā	Poʻalima	Poʻaono	LP	P1	P2	P3	P4	P5	P6	Ianuali	Pepeluali	Malaki	ʻApelila	Mei	Iune	Iulai	ʻAukake	Kepakemapa	ʻOkakopa	Nowemapa	Kekemapa	Ian.	Pep.	Mal.	ʻAp.	Mei	Iun.	Iul.	ʻAu.	Kep.	ʻOk.	Now.	Kek.	Ianuali	Pepeluali	Malaki	ʻApelila	Mei	Iune	Iulai	ʻAukake	Kepakemapa	ʻOkakopa	Nowemapa	Kekemapa	Ian.	Pep.	Mal.	ʻAp.	Mei	Iun.	Iul.	ʻAu.	Kep.	ʻOk.	Now.	Kek.	CE	CE	2049	GregorianCalendar	0
haw-US	=	haw
he	AM	PM	.	:	d.M.yyyy	dddd, d בMMMM yyyy	H:mm	H:mm:ss	dddd, d בMMMM yyyy H:mm:ss	d בMMMM	MMMM yyyy	יום ראשון	יום שני	יום שלישי	יום רביעי	יום חמישי	יום שישי	יום שבת	יום א׳	יום ב׳	יום ג׳	יום ד׳	יום ה׳	יום ו׳	שבת	ינואר	פברואר	מרץ	אפריל	מאי	יוני	יולי	אוגוסט	ספטמבר	אוקטובר	נובמבר	דצמבר	ינו׳	פבר׳	מרץ	אפר׳	מאי	יוני	יולי	אוג׳	ספט׳	אוק׳	נוב׳	דצמ׳	ינואר	פברואר	מרץ	אפריל	מאי	יוני	יולי	אוגוסט	ספטמבר	אוקטובר	נובמבר	דצמבר	ינו׳	פבר׳	מרץ	אפר׳	מאי	יוני	יולי	אוג׳	ספט׳	אוק׳	נוב׳	דצמ׳	לספירה	אחריי	2049	GregorianCalendar	16
he-IL	=	he
hi	am	pm	/	:	d/M/yyyy	dddd, d MMMM yyyy	h:mm tt	h:mm:ss tt	dddd, d MMMM yyyy h:mm:ss tt	d MMMM	MMMM yyyy	रविवार	सोमवार	मंगलवार	बुधवार	गुरुवार	शुक्रवार	शनिवार	रवि	सोम	मंगल	बुध	गुरु	शुक्र	शनि	जनवरी	फ़रवरी	मार्च	अप्रैल	मई	जून	जुलाई	अगस्त	सितंबर	अक्तूबर	नवंबर	दिसंबर	जन॰	फ़र॰	मार्च	अप्रैल	मई	जून	जुल॰	अग॰	सित॰	अक्तू॰	नव॰	दिस॰	जनवरी	फ़रवरी	मार्च	अप्रैल	मई	जून	जुलाई	अगस्त	सितंबर	अक्तूबर	नवंबर	दिसंबर	जन॰	फ़र॰	मार्च	अप्रैल	मई	जून	जुल॰	अग॰	सित॰	अक्तू॰	नव॰	दिस॰	ईस्वी	ईस्वी	2049	GregorianCalendar	0
hi-IN	=	hi
hi-Latn	AM	PM	/	:	dd/MM/yyyy	dddd, d MMMM yyyy	h:mm tt	h:mm:ss tt	dddd, d MMMM yyyy h:mm:ss tt	d MMMM	MMMM yyyy	Raviwaar	Somwaar	Mangalwaar	Budhwaar	Guruwaar	Shukrawaar	Shaniwaar	Ravi	Som	Mangal	Budh	Guru	Shukra	Shani	January	February	March	April	May	June	July	August	September	October	November	December	Jan	Feb	Mar	Apr	May	Jun	Jul	Aug	Sept	Oct	Nov	Dec	January	February	March	April	May	June	July	August	September	October	November	December	Jan	Feb	Mar	Apr	May	Jun	Jul	Aug	Sep	Oct	Nov	Dec	AD	AD	2049	GregorianCalendar	1
hi-Latn-IN	=	hi-Latn
hr	AM	PM	. 	:	dd. MM. yyyy.	dddd, d. MMMM yyyy.	HH:mm	HH:mm:ss	dddd, d. MMMM yyyy. HH:mm:ss	d. MMMM	MMMM yyyy.	nedjelja	ponedjeljak	utorak	srijeda	četvrtak	petak	subota	ned	pon	uto	sri	čet	pet	sub	siječanj	veljača	ožujak	travanj	svibanj	lipanj	srpanj	kolovoz	rujan	listopad	studeni	prosinac	sij	velj	ožu	tra	svi	lip	srp	kol	ruj	lis	stu	pro	siječnja	veljače	ožujka	travnja	svibnja	lipnja	srpnja	kolovoza	rujna	listopada	studenoga	prosinca	sij	velj	ožu	tra	svi	lip	srp	kol	ruj	lis	stu	pro	po. Kr.	AD	2049	GregorianCalendar	1
hr-BA	AM	PM	. 	:	d. M. yyyy.	dddd, d. MMMM yyyy.	HH:mm	HH:mm:ss	dddd, d. MMMM yyyy. HH:mm:ss	d. MMMM	MMMM yyyy.	nedjelja	ponedjeljak	utorak	srijeda	četvrtak	petak	subota	ned	pon	uto	sri	čet	pet	sub	siječanj	veljača	ožujak	travanj	svibanj	lipanj	srpanj	kolovoz	rujan	listopad	studeni	prosinac	sij	velj	ožu	tra	svi	lip	srp	kol	ruj	lis	stu	pro	siječnja	veljače	ožujka	travnja	svibnja	lipnja	srpnja	kolovoza	rujna	listopada	studenoga	prosinca	sij	velj	ožu	tra	svi	lip	srp	kol	ruj	lis	stu	pro	po. Kr.	po. Kr.	2049	GregorianCalendar	1
hr-HR	=	hr
hsb	dopołdnja	popołdnju	.	:	d.M.yyyy	dddd, d. MMMM yyyy	H:mm 'hodź'.	H:mm:ss	dddd, d. MMMM yyyy H:mm:ss	d. MMMM	MMMM yyyy	njedźela	póndźela	wutora	srjeda	štwórtk	pjatk	sobota	nje	pón	wut	srj	štw	pja	sob	januar	februar	měrc	apryl	meja	junij	julij	awgust	september	oktober	nowember	december	jan	feb	měr	apr	mej	jun	jul	awg	sep	okt	now	dec	januara	februara	měrca	apryla	meje	junija	julija	awgusta	septembra	oktobra	nowembra	decembra	jan.	feb.	měr.	apr.	mej.	jun.	jul.	awg.	sep.	okt.	now.	dec.	po Chr.n.	po Chr.n.	2049	GregorianCalendar	1
hsb-DE	=	hsb
hu	de.	du.	. 	:	yyyy. MM. dd.	yyyy. MMMM d., dddd	H:mm	H:mm:ss	yyyy. MMMM d., dddd H:mm:ss	MMMM d.	yyyy. MMMM	vasárnap	hétfő	kedd	szerda	csütörtök	péntek	szombat	V	H	K	Sze	Cs	P	Szo	január	február	március	április	május	június	július	augusztus	szeptember	október	november	december	jan.	febr.	márc.	ápr.	máj.	jún.	júl.	aug.	szept.	okt.	nov.	dec.	január	február	március	április	május	június	július	augusztus	szeptember	október	november	december	jan.	febr.	márc.	ápr.	máj.	jún.	júl.	aug.	szept.	okt.	nov.	dec.	i. sz.	isz.	2049	GregorianCalendar	0
hu-HU	=	hu
hy	AM	PM	.	:	dd.MM.yyyy	yyyy թ. MMMM d, dddd	HH:mm	HH:mm:ss	yyyy թ. MMMM d, dddd HH:mm:ss	d MMMM	yyyy թ․ MMMM	կիրակի	երկուշաբթի	երեքշաբթի	չորեքշաբթի	հինգշաբթի	ուրբաթ	շաբաթ	կիր	երկ	երք	չրք	հնգ	ուր	շբթ	հունվար	փետրվար	մարտ	ապրիլ	մայիս	հունիս	հուլիս	օգոստոս	սեպտեմբեր	հոկտեմբեր	նոյեմբեր	դեկտեմբեր	հնվ	փտվ	մրտ	ապր	մյս	հնս	հլս	օգս	սեպ	հոկ	նոյ	դեկ	հունվարի	փետրվարի	մարտի	ապրիլի	մայիսի	հունիսի	հուլիսի	օգոստոսի	սեպտեմբերի	հոկտեմբերի	նոյեմբերի	դեկտեմբերի	հնվ	փտվ	մրտ	ապր	մյս	հնս	հլս	օգս	սեպ	հոկ	նոյ	դեկ	մ.թ.	մ.թ.	2049	GregorianCalendar	1
hy-AM	=	hy
ia	AM	PM	-	:	dd-MM-yyyy	dddd 'le' d 'de' MMMM yyyy	HH:mm	HH:mm:ss	dddd 'le' d 'de' MMMM yyyy HH:mm:ss	d 'de' MMMM	MMMM yyyy	dominica	lunedi	martedi	mercuridi	jovedi	venerdi	sabbato	dom	lun	mar	mer	jov	ven	sab	januario	februario	martio	april	maio	junio	julio	augusto	septembre	octobre	novembre	decembre	jan	feb	mar	apr	mai	jun	jul	aug	sep	oct	nov	dec	januario	februario	martio	april	maio	junio	julio	augusto	septembre	octobre	novembre	decembre	jan	feb	mar	apr	mai	jun	jul	aug	sep	oct	nov	dec	p.Chr.	p.Chr.	2049	GregorianCalendar	0
ia-001	=	ia
id	AM	PM	/	.	dd/MM/yyyy	dddd, dd MMMM yyyy	HH.mm	HH.mm.ss	dddd, dd MMMM yyyy HH.mm.ss	d MMMM	MMMM yyyy	Minggu	Senin	Selasa	Rabu	Kamis	Jumat	Sabtu	Min	Sen	Sel	Rab	Kam	Jum	Sab	Januari	Februari	Maret	April	Mei	Juni	Juli	Agustus	September	Oktober	November	Desember	Jan	Feb	Mar	Apr	Mei	Jun	Jul	Agu	Sep	Okt	Nov	Des	Januari	Februari	Maret	April	Mei	Juni	Juli	Agustus	September	Oktober	November	Desember	Jan	Feb	Mar	Apr	Mei	Jun	Jul	Agu	Sep	Okt	Nov	Des	M	M	2049	GregorianCalendar	0
id-ID	=	id
ie	ante midí	pos midí	.	:	d.M.yyyy	dddd d MMMM yyyy	HH:mm	HH:mm:ss	dddd d MMMM yyyy HH:mm:ss	d MMMM	MMMM yyyy	soledí	lunedí	mardí	mercurdí	jovedí	venerdí	saturdí	sol.	lun.	mar.	mer.	jov.	ven.	sat.	januar	februar	marte	april	may	junio	julí	august	septembre	octobre	novembre	decembre	jan.	febr.	mar.	apr.	may	jun.	julí	aug.	sept.	oct.	nov.	dec.	januar	februar	marte	april	may	junio	julí	august	septembre	octobre	novembre	decembre	jan.	febr.	mar.	apr.	may	jun.	julí	aug.	sept.	oct.	nov.	dec.	e.C.	e.C.	2049	GregorianCalendar	0
ie-EE	=	ie
ig	N’ụtụtụ	N’abali	/	:	d/M/yyyy	dddd, d MMMM yyyy	HH:mm	HH:mm:ss	dddd, d MMMM yyyy HH:mm:ss	d MMMM	MMMM yyyy	Sọndee	Mọnde	Tiuzdee	Wenezdee	Tọọzdee	Fraịdee	Satọdee	Sọn	Mọn	Tiu	Wen	Tọọ	Fraị	Sat	Jenụwarị	Febrụwarị	Maachị	Epreel	Mee	Jun	Julaị	Ọgọọst	Septemba	Ọktoba	Novemba	Disemba	Jen	Feb	Maa	Epr	Mee	Juu	Jul	Ọgọ	Sep	Ọkt	Nov	Dis	Jenụwarị	Febrụwarị	Maachị	Epreel	Mee	Jun	Julaị	Ọgọọst	Septemba	Ọktoba	Novemba	Disemba	Jen	Feb	Maa	Epr	Mee	Juu	Jul	Ọgọ	Sep	Ọkt	Nov	Dis	AD	AD	2049	GregorianCalendar	0
ig-NG	=	ig
ii	ꎸꄑ	ꁯꋒ	-	:	yyyy-MM-dd	yyyy MMMM d, dddd	HH:mm	HH:mm:ss	yyyy MMMM d, dddd HH:mm:ss	MMMM dꑍ	yyyy MMMM	ꑬꆏꑍ	ꆏꊂꋍ	ꆏꊂꑍ	ꆏꊂꌕ	ꆏꊂꇖ	ꆏꊂꉬ	ꆏꊂꃘ	ꑬꆏ	ꆏꋍ	ꆏꑍ	ꆏꌕ	ꆏꇖ	ꆏꉬ	ꆏꃘ	ꋍꆪ	ꑍꆪ	ꌕꆪ	ꇖꆪ	ꉬꆪ	ꃘꆪ	ꏃꆪ	ꉆꆪ	ꈬꆪ	ꊰꆪ	ꊯꊪꆪ	ꊰꑋꆪ	ꋍꆪ	ꑍꆪ	ꌕꆪ	ꇖꆪ	ꉬꆪ	ꃘꆪ	ꏃꆪ	ꉆꆪ	ꈬꆪ	ꊰꆪ	ꊯꊪꆪ	ꊰꑋꆪ	ꋍꆪ	ꑍꆪ	ꌕꆪ	ꇖꆪ	ꉬꆪ	ꃘꆪ	ꏃꆪ	ꉆꆪ	ꈬꆪ	ꊰꆪ	ꊯꊪꆪ	ꊰꑋꆪ	ꋍꆪ	ꑍꆪ	ꌕꆪ	ꇖꆪ	ꉬꆪ	ꃘꆪ	ꏃꆪ	ꉆꆪ	ꈬꆪ	ꊰꆪ	ꊯꊪꆪ	ꊰꑋꆪ	ꃅꋊꊂ	ꃅꋊꊂ	2049	GregorianCalendar	0
ii-CN	=	ii
is	f.h.	e.h.	.	:	d.M.yyyy	dddd, d. MMMM yyyy	HH:mm	HH:mm:ss	dddd, d. MMMM yyyy HH:mm:ss	d. MMMM	MMMM yyyy	sunnudagur	mánudagur	þriðjudagur	miðvikudagur	fimmtudagur	föstudagur	laugardagur	sun.	mán.	þri.	mið.	fim.	fös.	lau.	janúar	febrúar	mars	apríl	maí	júní	júlí	ágúst	september	október	nóvember	desember	jan.	feb.	mar.	apr.	maí	jún.	júl.	ágú.	sep.	okt.	nóv.	des.	janúar	febrúar	mars	apríl	maí	júní	júlí	ágúst	september	október	nóvember	desember	jan.	feb.	mar.	apr.	maí	jún.	júl.	ágú.	sep.	okt.	nóv.	des.	e.Kr.	e.k.	2049	GregorianCalendar	0
is-IS	=	is
it	AM	PM	/	:	dd/MM/yyyy	dddd d MMMM yyyy	HH:mm	HH:mm:ss	dddd d MMMM yyyy HH:mm:ss	d MMMM	MMMM yyyy	domenica	lunedì	martedì	mercoledì	giovedì	venerdì	sabato	dom	lun	mar	mer	gio	ven	sab	gennaio	febbraio	marzo	aprile	maggio	giugno	luglio	agosto	settembre	ottobre	novembre	dicembre	gen	feb	mar	apr	mag	giu	lug	ago	set	ott	nov	dic	gennaio	febbraio	marzo	aprile	maggio	giugno	luglio	agosto	settembre	ottobre	novembre	dicembre	gen	feb	mar	apr	mag	giu	lug	ago	set	ott	nov	dic	d.C.	dC	2049	GregorianCalendar	0
it-CH	AM	PM	.	:	dd.MM.yyyy	dddd, d MMMM yyyy	HH:mm	HH:mm:ss	dddd, d MMMM yyyy HH:mm:ss	d MMMM	MMMM yyyy	domenica	lunedì	martedì	mercoledì	giovedì	venerdì	sabato	dom	lun	mar	mer	gio	ven	sab	gennaio	febbraio	marzo	aprile	maggio	giugno	luglio	agosto	settembre	ottobre	novembre	dicembre	gen	feb	mar	apr	mag	giu	lug	ago	set	ott	nov	dic	gennaio	febbraio	marzo	aprile	maggio	giugno	luglio	agosto	settembre	ottobre	novembre	dicembre	gen	feb	mar	apr	mag	giu	lug	ago	set	ott	nov	dic	d.C.	d.C.	2049	GregorianCalendar	0
it-IT	=	it
it-SM	=	it
it-VA	=	it
ja	午前	午後	/	:	yyyy/MM/dd	yyyy年M月d日dddd	H:mm	H:mm:ss	yyyy年M月d日dddd H:mm:ss	M月d日	yyyy年M月	日曜日	月曜日	火曜日	水曜日	木曜日	金曜日	土曜日	日	月	火	水	木	金	土	1月	2月	3月	4月	5月	6月	7月	8月	9月	10月	11月	12月	1月	2月	3月	4月	5月	6月	7月	8月	9月	10月	11月	12月	1月	2月	3月	4月	5月	6月	7月	8月	9月	10月	11月	12月	1月	2月	3月	4月	5月	6月	7月	8月	9月	10月	11月	12月	西暦	AD	2049	GregorianCalendar	0
ja-JP	=	ja
jgo	mbaꞌmbaꞌ	ŋka mbɔ́t nji	-	:	yyyy-MM-dd	dddd, yyyy MMMM dd	HH:mm	HH:mm:ss	dddd, yyyy MMMM dd HH:mm:ss	MMMM d	yyyy MMMM	Sɔ́ndi	Mɔ́ndi	Ápta Mɔ́ndi	Wɛ́nɛsɛdɛ	Tɔ́sɛdɛ	Fɛlâyɛdɛ	Sásidɛ	Sɔ́ndi	Mɔ́ndi	Ápta Mɔ́ndi	Wɛ́nɛsɛdɛ	Tɔ́sɛdɛ	Fɛlâyɛdɛ	Sásidɛ	Nduŋmbi Saŋ	Pɛsaŋ Pɛ́pá	Pɛsaŋ Pɛ́tát	Pɛsaŋ Pɛ́nɛ́kwa	Pɛsaŋ Pataa	Pɛsaŋ Pɛ́nɛ́ntúkú	Pɛsaŋ Saambá	Pɛsaŋ Pɛ́nɛ́fɔm	Pɛsaŋ Pɛ́nɛ́pfúꞋú	Pɛsaŋ Nɛgɛ́m	Pɛsaŋ Ntsɔ̌pmɔ́	Pɛsaŋ Ntsɔ̌ppá	Nduŋmbi Saŋ	Pɛsaŋ Pɛ́pá	Pɛsaŋ Pɛ́tát	Pɛsaŋ Pɛ́nɛ́kwa	Pɛsaŋ Pataa	Pɛsaŋ Pɛ́nɛ́ntúkú	Pɛsaŋ Saambá	Pɛsaŋ Pɛ́nɛ́fɔm	Pɛsaŋ Pɛ́nɛ́pfúꞋú	Pɛsaŋ Nɛgɛ́m	Pɛsaŋ Ntsɔ̌pmɔ́	Pɛsaŋ Ntsɔ̌ppá	Nduŋmbi Saŋ	Pɛsaŋ Pɛ́pá	Pɛsaŋ Pɛ́tát	Pɛsaŋ Pɛ́nɛ́kwa	Pɛsaŋ Pataa	Pɛsaŋ Pɛ́nɛ́ntúkú	Pɛsaŋ Saambá	Pɛsaŋ Pɛ́nɛ́fɔm	Pɛsaŋ Pɛ́nɛ́pfúꞋú	Pɛsaŋ Nɛgɛ́m	Pɛsaŋ Ntsɔ̌pmɔ́	Pɛsaŋ Ntsɔ̌ppá	Nduŋmbi Saŋ	Pɛsaŋ Pɛ́pá	Pɛsaŋ Pɛ́tát	Pɛsaŋ Pɛ́nɛ́kwa	Pɛsaŋ Pataa	Pɛsaŋ Pɛ́nɛ́ntúkú	Pɛsaŋ Saambá	Pɛsaŋ Pɛ́nɛ́fɔm	Pɛsaŋ Pɛ́nɛ́pfúꞋú	Pɛsaŋ Nɛgɛ́m	Pɛsaŋ Ntsɔ̌pmɔ́	Pɛsaŋ Ntsɔ̌ppá	CE	CE	2049	GregorianCalendar	20
jgo-CM	=	jgo
jmc	utuko	kyiukonyi	/	:	dd/MM/yyyy	dddd, d MMMM yyyy	HH:mm	HH:mm:ss	dddd, d MMMM yyyy HH:mm:ss	MMMM d	MMMM yyyy	Jumapilyi	Jumatatuu	Jumanne	Jumatanu	Alhamisi	Ijumaa	Jumamosi	Jpi	Jtt	Jnn	Jtn	Alh	Iju	Jmo	Januari	Februari	Machi	Aprilyi	Mei	Junyi	Julyai	Agusti	Septemba	Oktoba	Novemba	Desemba	Jan	Feb	Mac	Apr	Mei	Jun	Jul	Ago	Sep	Okt	Nov	Des	Januari	Februari	Machi	Aprilyi	Mei	Junyi	Julyai	Agusti	Septemba	Oktoba	Novemba	Desemba	Jan	Feb	Mac	Apr	Mei	Jun	Jul	Ago	Sep	Okt	Nov	Des	BK	BK	2049	GregorianCalendar	0
jmc-TZ	=	jmc
jv	Isuk	Wengi	-	:	dd-MM-yyyy	dddd, d MMMM yyyy	HH:mm	HH:mm:ss	dddd, d MMMM yyyy HH:mm:ss	d MMMM	MMMM yyyy	Ahad	Senin	Selasa	Rabu	Kamis	Jumat	Sabtu	Ahad	Sen	Sel	Rab	Kam	Jum	Sab	Januari	Februari	Maret	April	Mei	Juni	Juli	Agustus	September	Oktober	November	Desember	Jan	Feb	Mar	Apr	Mei	Jun	Jul	Agt	Sep	Okt	Nov	Des	Januari	Februari	Maret	April	Mei	Juni	Juli	Agustus	September	Oktober	November	Desember	Jan	Feb	Mar	Apr	Mei	Jun	Jul	Agt	Sep	Okt	Nov	Des	M	M	2049	GregorianCalendar	0
jv-ID	=	jv
ka	AM	PM	.	:	dd.MM.yyyy	dddd, dd MMMM, yyyy	HH:mm	HH:mm:ss	dddd, dd MMMM, yyyy HH:mm:ss	d MMMM	MMMM, yyyy	კვირა	ორშაბათი	სამშაბათი	ოთხშაბათი	ხუთშაბათი	პარასკევი	შაბათი	კვი	ორშ	სამ	ოთხ	ხუთ	პარ	შაბ	იანვარი	თებერვალი	მარტი	აპრილი	მაისი	ივნისი	ივლისი	აგვისტო	სექტემბერი	ოქტომბერი	ნოემბერი	დეკემბერი	იან	თებ	მარ	აპრ	მაი	ივნ	ივლ	აგვ	სექ	ოქტ	ნოე	დეკ	იანვარი	თებერვალი	მარტი	აპრილი	მაისი	ივნისი	ივლისი	აგვისტო	სექტემბერი	ოქტომბერი	ნოემბერი	დეკემბერი	იან	თებ	მარ	აპრ	მაი	ივნ	ივლ	აგვ	სექ	ოქტ	ნოე	დეკ	ახ. წ.	ახ. წ.	2049	GregorianCalendar	0
ka-GE	=	ka
kab	n tufat	n tmeddit	/	:	d/M/yyyy	dddd d MMMM yyyy	h:mm tt	h:mm:ss tt	dddd d MMMM yyyy h:mm:ss tt	d MMMM	MMMM yyyy	Yanass	Sanass	Kraḍass	Kuẓass	Samass	Sḍisass	Sayass	Yan	San	Kraḍ	Kuẓ	Sam	Sḍis	Say	Yennayer	Fuṛar	Meɣres	Yebrir	Mayyu	Yunyu	Yulyu	Ɣuct	Ctembeṛ	Tubeṛ	Nunembeṛ	Duǧembeṛ	Yen	Fur	Meɣ	Yeb	May	Yun	Yul	Ɣuc	Cte	Tub	Nun	Duǧ	Yennayer	Fuṛar	Meɣres	Yebrir	Mayyu	Yunyu	Yulyu	Ɣuct	Ctembeṛ	Tubeṛ	Nunembeṛ	Duǧembeṛ	Yen	Fur	Meɣ	Yeb	May	Yun	Yul	Ɣuc	Cte	Tub	Nun	Duǧ	sld. T.Ɛ	sld. T.Ɛ	2049	GregorianCalendar	0
kab-DZ	=	kab
kam	Ĩyakwakya	Ĩyawĩoo	/	:	dd/MM/yyyy	dddd, d MMMM yyyy	HH:mm	HH:mm:ss	dddd, d MMMM yyyy HH:mm:ss	MMMM d	MMMM yyyy	Wa kyumwa	Wa kwambĩlĩlya	Wa kelĩ	Wa katatũ	Wa kana	Wa katano	Wa thanthatũ	Wky	Wkw	Wkl	Wtũ	Wkn	Wtn	Wth	Mwai wa mbee	Mwai wa kelĩ	Mwai wa katatũ	Mwai wa kana	Mwai wa katano	Mwai wa thanthatũ	Mwai wa muonza	Mwai wa nyaanya	Mwai wa kenda	Mwai wa ĩkumi	Mwai wa ĩkumi na ĩmwe	Mwai wa ĩkumi na ilĩ	Mbe	Kel	Ktũ	Kan	Ktn	Tha	Moo	Nya	Knd	Ĩku	Ĩkm	Ĩkl	Mwai wa mbee	Mwai wa kelĩ	Mwai wa katatũ	Mwai wa kana	Mwai wa katano	Mwai wa thanthatũ	Mwai wa muonza	Mwai wa nyaanya	Mwai wa kenda	Mwai wa ĩkumi	Mwai wa ĩkumi na ĩmwe	Mwai wa ĩkumi na ilĩ	Mbe	Kel	Ktũ	Kan	Ktn	Tha	Moo	Nya	Knd	Ĩku	Ĩkm	Ĩkl	IY	IY	2049	GregorianCalendar	20
kam-KE	=	kam
kde	Muhi	Chilo	/	:	dd/MM/yyyy	dddd, d MMMM yyyy	HH:mm	HH:mm:ss	dddd, d MMMM yyyy HH:mm:ss	MMMM d	MMMM yyyy	Liduva lyapili	Liduva lyatatu	Liduva lyanchechi	Liduva lyannyano	Liduva lyannyano na linji	Liduva lyannyano na mavili	Liduva litandi	Ll2	Ll3	Ll4	Ll5	Ll6	Ll7	Ll1	Mwedi Ntandi	Mwedi wa Pili	Mwedi wa Tatu	Mwedi wa Nchechi	Mwedi wa Nnyano	Mwedi wa Nnyano na Umo	Mwedi wa Nnyano na Mivili	Mwedi wa Nnyano na Mitatu	Mwedi wa Nnyano na Nchechi	Mwedi wa Nnyano na Nnyano	Mwedi wa Nnyano na Nnyano na U	Mwedi wa Nnyano na Nnyano na M	Jan	Feb	Mac	Apr	Mei	Jun	Jul	Ago	Sep	Okt	Nov	Des	Mwedi Ntandi	Mwedi wa Pili	Mwedi wa Tatu	Mwedi wa Nchechi	Mwedi wa Nnyano	Mwedi wa Nnyano na Umo	Mwedi wa Nnyano na Mivili	Mwedi wa Nnyano na Mitatu	Mwedi wa Nnyano na Nchechi	Mwedi wa Nnyano na Nnyano	Mwedi wa Nnyano na Nnyano na U	Mwedi wa Nnyano na Nnyano na M	Jan	Feb	Mac	Apr	Mei	Jun	Jul	Ago	Sep	Okt	Nov	Des	NY	NY	2049	GregorianCalendar	20
kde-TZ	=	kde
kea	am	pm	/	:	dd/MM/yyyy	dddd, d 'di' MMMM 'di' yyyy	HH:mm	HH:mm:ss	dddd, d 'di' MMMM 'di' yyyy HH:mm:ss	d 'di' MMMM	MMMM 'di' yyyy	dumingu	sigunda-fera	tersa-fera	kuarta-fera	kinta-fera	sesta-fera	sábadu	dum	sig	ter	kua	kin	ses	sab	Janeru	Febreru	Marsu	Abril	Maiu	Junhu	Julhu	Agostu	Setenbru	Otubru	Nuvenbru	Dizenbru	Jan	Feb	Mar	Abr	Mai	Jun	Jul	Ago	Set	Otu	Nuv	Diz	Janeru	Febreru	Marsu	Abril	Maiu	Junhu	Julhu	Agostu	Setenbru	Otubru	Nuvenbru	Dizenbru	Jan	Feb	Mar	Abr	Mai	Jun	Jul	Ago	Set	Otu	Nuv	Diz	DK	DK	2049	GregorianCalendar	0
kea-CV	=	kea
kgp	AM	PM	/	:	dd/MM/yyyy	dddd, d 'ne' MMMM, yyyy	HH:mm	HH:mm:ss	dddd, d 'ne' MMMM, yyyy HH:mm:ss	d 'ne' MMMM	MMMM, yyyy	numĩggu	pir-kurã-há	régre-kurã-há	tẽgtũ-kurã-há	vẽnhkãgra-kurã-há	pénkar-kurã-há	savnu	num.	pir.	rég.	tẽg.	vẽn.	pén.	sav.	1-Kysã	2-Kysã	3-Kysã	4-Kysã	5-Kysã	6-Kysã	7-Kysã	8-Kysã	9-Kysã	10-Kysã	11-Kysã	12-Kysã	1Ky.	2Ky.	3Ky.	4Ky.	5Ky.	6Ky.	7Ky.	8Ky.	9Ky.	10Ky.	11Ky.	12Ky.	1-Kysã	2-Kysã	3-Kysã	4-Kysã	5-Kysã	6-Kysã	7-Kysã	8-Kysã	9-Kysã	10-Kysã	11-Kysã	12-Kysã	1Ky.	2Ky.	3Ky.	4Ky.	5Ky.	6Ky.	7Ky.	8Ky.	9Ky.	10Ky.	11Ky.	12Ky.	C.kk.	C.kk.	2049	GregorianCalendar	32
kgp-BR	=	kgp
khq	Adduha	Aluula	/	:	d/M/yyyy	dddd d MMMM yyyy	HH:mm	HH:mm:ss	dddd d MMMM yyyy HH:mm:ss	d MMMM	MMMM yyyy	Alhadi	Atini	Atalata	Alarba	Alhamiisa	Aljuma	Assabdu	Alh	Ati	Ata	Ala	Alm	Alj	Ass	Žanwiye	Feewiriye	Marsi	Awiril	Me	Žuweŋ	Žuyye	Ut	Sektanbur	Oktoobur	Noowanbur	Deesanbur	Žan	Fee	Mar	Awi	Me	Žuw	Žuy	Ut	Sek	Okt	Noo	Dee	Žanwiye	Feewiriye	Marsi	Awiril	Me	Žuweŋ	Žuyye	Ut	Sektanbur	Oktoobur	Noowanbur	Deesanbur	Žan	Fee	Mar	Awi	Me	Žuw	Žuy	Ut	Sek	Okt	Noo	Dee	IZ	IZ	2049	GregorianCalendar	0
khq-ML	=	khq
ki	Kiroko	Hwaĩ-inĩ	/	:	dd/MM/yyyy	dddd, d MMMM yyyy	HH:mm	HH:mm:ss	dddd, d MMMM yyyy HH:mm:ss	MMMM d	MMMM yyyy	Kiumia	Njumatatũ	Njumaine	Njumatana	Aramithi	Njumaa	Njumamothi	KMA	NTT	NMN	NMT	ART	NMA	NMM	Njenuarĩ	Mwere wa kerĩ	Mwere wa gatatũ	Mwere wa kana	Mwere wa gatano	Mwere wa gatandatũ	Mwere wa mũgwanja	Mwere wa kanana	Mwere wa kenda	Mwere wa ikũmi	Mwere wa ikũmi na ũmwe	Ndithemba	JEN	WKR	WGT	WKN	WTN	WTD	WMJ	WNN	WKD	WIK	WMW	DIT	Njenuarĩ	Mwere wa kerĩ	Mwere wa gatatũ	Mwere wa kana	Mwere wa gatano	Mwere wa gatandatũ	Mwere wa mũgwanja	Mwere wa kanana	Mwere wa kenda	Mwere wa ikũmi	Mwere wa ikũmi na ũmwe	Ndithemba	JEN	WKR	WGT	WKN	WTN	WTD	WMJ	WNN	WKD	WIK	WMW	DIT	TK	TK	2049	GregorianCalendar	4
ki-KE	=	ki
kk	AM	PM	.	:	dd.MM.yyyy	yyyy 'ж'. d MMMM, dddd	HH:mm	HH:mm:ss	yyyy 'ж'. d MMMM, dddd HH:mm:ss	d MMMM	yyyy 'ж'. MMMM	жексенбі	дүйсенбі	сейсенбі	сәрсенбі	бейсенбі	жұма	сенбі	жс	дс	сс	ср	бс	жм	сб	Қаңтар	Ақпан	Наурыз	Сәуір	Мамыр	Маусым	Шілде	Тамыз	Қыркүйек	Қазан	Қараша	Желтоқсан	қаң.	ақп.	нау.	сәу.	мам.	мау.	шіл.	там.	қыр.	қаз.	қар.	жел.	қаңтар	ақпан	наурыз	сәуір	мамыр	маусым	шілде	тамыз	қыркүйек	қазан	қараша	желтоқсан	қаң.	ақп.	нау.	сәу.	мам.	мау.	шіл.	там.	қыр.	қаз.	қар.	жел.	б.з.	б.з.	2049	GregorianCalendar	1
kk-Cyrl	=	kk
kk-Cyrl-KZ	=	kk
kk-KZ	=	kk
kkj	AM	PM	/	:	dd/MM yyyy	dddd dd MMMM yyyy	HH:mm	HH:mm:ss	dddd dd MMMM yyyy HH:mm:ss	MMMM d	yyyy MMMM	sɔndi	lundi	mardi	mɛrkɛrɛdi	yedi	vaŋdɛrɛdi	mɔnɔ sɔndi	sɔndi	lundi	mardi	mɛrkɛrɛdi	yedi	vaŋdɛrɛdi	mɔnɔ sɔndi	pamba	wanja	mbiyɔ mɛndoŋgɔ	Nyɔlɔmbɔŋgɔ	Mɔnɔ ŋgbanja	Nyaŋgwɛ ŋgbanja	kuŋgwɛ	fɛ	njapi	nyukul	M11	ɓulɓusɛ	pamba	wanja	mbiyɔ mɛndoŋgɔ	Nyɔlɔmbɔŋgɔ	Mɔnɔ ŋgbanja	Nyaŋgwɛ ŋgbanja	kuŋgwɛ	fɛ	njapi	nyukul	M11	ɓulɓusɛ	pamba	wanja	mbiyɔ mɛndoŋgɔ	Nyɔlɔmbɔŋgɔ	Mɔnɔ ŋgbanja	Nyaŋgwɛ ŋgbanja	kuŋgwɛ	fɛ	njapi	nyukul	M11	ɓulɓusɛ	pamba	wanja	mbiyɔ mɛndoŋgɔ	Nyɔlɔmbɔŋgɔ	Mɔnɔ ŋgbanja	Nyaŋgwɛ ŋgbanja	kuŋgwɛ	fɛ	njapi	nyukul	M11	ɓulɓusɛ	CE	CE	2049	GregorianCalendar	20
kkj-CM	=	kkj
kl	AM	PM	-	.	yyyy-MM-dd	yyyy MMMM d, dddd	HH.mm	HH.mm.ss	yyyy MMMM d, dddd HH.mm.ss	MMMM d	yyyy MMMM	sapaat	ataasinngorneq	marlunngorneq	pingasunngorneq	sisamanngorneq	tallimanngorneq	arfininngorneq	sap	ata	mar	pin	sis	tal	arf	januaari	februaari	marsi	apriili	maaji	juuni	juuli	aggusti	septembari	oktobari	novembari	decembari	jan	febr	mar	apr	maj	jun	jul	aug	sept	okt	nov	dec	januaarip	februaarip	marsip	apriilip	maajip	juunip	juulip	aggustip	septembarip	oktobarip	novembarip	decembarip	jan	febr	mar	apr	maj	jun	jul	aug	sept	okt	nov	dec	CE	CE	2049	GregorianCalendar	1
kl-GL	=	kl
kln	karoon	kooskoliny	/	:	dd/MM/yyyy	dddd, d MMMM yyyy	HH:mm	HH:mm:ss	dddd, d MMMM yyyy HH:mm:ss	MMMM d	MMMM yyyy	Kotisap	Kotaai	Koaeng’	Kosomok	Koang’wan	Komuut	Kolo	Kts	Kot	Koo	Kos	Koa	Kom	Kol	Mulgul	Ng’atyaato	Kiptaamo	Iwootkuut	Mamuut	Paagi	Ng’eiyeet	Rooptui	Bureet	Epeeso	Kipsuunde ne taai	Kipsuunde nebo aeng’	Mul	Ngat	Taa	Iwo	Mam	Paa	Nge	Roo	Bur	Epe	Kpt	Kpa	Mulgul	Ng’atyaato	Kiptaamo	Iwootkuut	Mamuut	Paagi	Ng’eiyeet	Rooptui	Bureet	Epeeso	Kipsuunde ne taai	Kipsuunde nebo aeng’	Mul	Ngat	Taa	Iwo	Mam	Paa	Nge	Roo	Bur	Epe	Kpt	Kpa	KO	KO	2049	GregorianCalendar	4
kln-KE	=	kln
km	AM	PM	/	:	d/M/yyyy	dddd d MMMM yyyy	h:mm tt	h:mm:ss tt	dddd d MMMM yyyy h:mm:ss tt	d MMMM	MMMM yyyy	អាទិត្យ	ចន្ទ	អង្គារ	ពុធ	ព្រហស្បតិ៍	សុក្រ	សៅរ៍	អាទិត្យ	ចន្ទ	អង្គារ	ពុធ	ព្រហ	សុក្រ	សៅរ៍	មករា	កុម្ភៈ	មីនា	មេសា	ឧសភា	មិថុនា	កក្កដា	សីហា	កញ្ញា	តុលា	វិច្ឆិកា	ធ្នូ	មករា	កុម្ភៈ	មីនា	មេសា	ឧសភា	មិថុនា	កក្កដា	សីហា	កញ្ញា	តុលា	វិច្ឆិកា	ធ្នូ	មករា	កុម្ភៈ	មីនា	មេសា	ឧសភា	មិថុនា	កក្កដា	សីហា	កញ្ញា	តុលា	វិច្ឆិកា	ធ្នូ	មករា	កុម្ភៈ	មីនា	មេសា	ឧសភា	មិថុនា	កក្កដា	សីហា	កញ្ញា	តុលា	វិច្ឆិកា	ធ្នូ	គ.ស.	គ.ស.	2049	GregorianCalendar	0
km-KH	=	km
kn	AM	PM	/	:	d/M/yyyy	dddd, MMMM d, yyyy	hh:mm tt	hh:mm:ss tt	dddd, MMMM d, yyyy hh:mm:ss tt	d MMMM	MMMM yyyy	ಭಾನುವಾರ	ಸೋಮವಾರ	ಮಂಗಳವಾರ	ಬುಧವಾರ	ಗುರುವಾರ	ಶುಕ್ರವಾರ	ಶನಿವಾರ	ಭಾನು	ಸೋಮ	ಮಂಗಳ	ಬುಧ	ಗುರು	ಶುಕ್ರ	ಶನಿ	ಜನವರಿ	ಫೆಬ್ರವರಿ	ಮಾರ್ಚ್	ಏಪ್ರಿಲ್	ಮೇ	ಜೂನ್	ಜುಲೈ	ಆಗಸ್ಟ್	ಸೆಪ್ಟೆಂಬರ್	ಅಕ್ಟೋಬರ್	ನವೆಂಬರ್	ಡಿಸೆಂಬರ್	ಜನ	ಫೆಬ್ರ	ಮಾರ್ಚ್	ಏಪ್ರಿ	ಮೇ	ಜೂನ್	ಜುಲೈ	ಆಗ	ಸೆಪ್ಟೆಂ	ಅಕ್ಟೋ	ನವೆಂ	ಡಿಸೆಂ	ಜನವರಿ	ಫೆಬ್ರವರಿ	ಮಾರ್ಚ್	ಏಪ್ರಿಲ್	ಮೇ	ಜೂನ್	ಜುಲೈ	ಆಗಸ್ಟ್	ಸೆಪ್ಟೆಂಬರ್	ಅಕ್ಟೋಬರ್	ನವೆಂಬರ್	ಡಿಸೆಂಬರ್	ಜನ	ಫೆಬ್ರ	ಮಾರ್ಚ್	ಏಪ್ರಿ	ಮೇ	ಜೂನ್	ಜುಲೈ	ಆಗ	ಸೆಪ್ಟೆಂ	ಅಕ್ಟೋ	ನವೆಂ	ಡಿಸೆಂ	ಕ್ರಿ.ಶ	ಕ್ರಿ.ಶ	2049	GregorianCalendar	0
kn-IN	=	kn
ko	오전	오후	. 	:	yyyy. M. d.	yyyy년 MMMM d일 dddd	tt h:mm	tt h:mm:ss	yyyy년 MMMM d일 dddd tt h:mm:ss	MMMM d일	yyyy년 MMMM	일요일	월요일	화요일	수요일	목요일	금요일	토요일	일	월	화	수	목	금	토	1월	2월	3월	4월	5월	6월	7월	8월	9월	10월	11월	12월	1월	2월	3월	4월	5월	6월	7월	8월	9월	10월	11월	12월	1월	2월	3월	4월	5월	6월	7월	8월	9월	10월	11월	12월	1월	2월	3월	4월	5월	6월	7월	8월	9월	10월	11월	12월	AD	AD	2049	GregorianCalendar	0
ko-CN	오전	오후	. 	:	yyyy. M. d.	yyyy년 MMMM d일 dddd	HH:mm	HH:mm:ss	yyyy년 MMMM d일 dddd HH:mm:ss	MMMM d일	yyyy년 MMMM	일요일	월요일	화요일	수요일	목요일	금요일	토요일	일	월	화	수	목	금	토	1월	2월	3월	4월	5월	6월	7월	8월	9월	10월	11월	12월	1월	2월	3월	4월	5월	6월	7월	8월	9월	10월	11월	12월	1월	2월	3월	4월	5월	6월	7월	8월	9월	10월	11월	12월	1월	2월	3월	4월	5월	6월	7월	8월	9월	10월	11월	12월	AD	AD	2049	GregorianCalendar	0
ko-KP	=	ko
ko-KR	=	ko
kok	सकाळीं	सांजे	-	:	d-M-yyyy	dddd d MMMM yyyy	h:mm tt	h:mm:ss tt	dddd d MMMM yyyy h:mm:ss tt	d MMMM	MMMM, yyyy	आयतार	सोमार	मंगळार	बुधवार	बिरेस्तार	शुक्रार	शेनवार	आयतार	सोमार	मंगळार	बुधवार	बिरेस्तार	शुक्रार	शेनवार	जानेवारी	फेब्रुवारी	मार्च	एप्रील	मे	जून	जुलय	ऑगस्ट	सप्टेंबर	ऑक्टोबर	नोव्हेंबर	डिसेंबर	जाने	फेब्रु	मार्च	एप्री	मे	जून	जुल	ऑग	सप्टें	ऑक्टो	नो	डिसे	जानेवारी	फेब्रुवारी	मार्च	एप्रील	मे	जून	जुलय	ऑगस्ट	सप्टेंबर	ऑक्टोबर	नोव्हेंबर	डिसेंबर	जानेवारी	फेब्रुवारी	मार्च	एप्रील	मे	जून	जुलय	ऑगस्ट	सप्टेंबर	ऑक्टोबर	नोव्हेंबर	डिसेंबर	क्रि.श.	क्रि.श.	2049	GregorianCalendar	1
kok-Deva	=	kok
kok-Deva-IN	=	kok
kok-Latn	sokallim	sanje	-	:	d-M-yyyy	dddd, d MMMM, yyyy	tt h:mm	tt h:mm:ss	dddd, d MMMM, yyyy tt h:mm:ss	d MMMM	MMMM yyyy	Aitar	Somar	Mongllar	Budhvar	Birestar	Sukrar	Sonvar	Ait	Som	Mon	Bud	Bre	Suk	Son	Janer	Febrer	Mars	Abril	Mai	Jun	Julai	Agost	Setembr	Otubr	Novembr	Dezembr	Jan	Feb	Mar	Abr	Mai	Jun	Jul	Ago	Set	Otu	Nov	Dez	Janer	Febrer	Mars	Abril	Mai	Jun	Julai	Agost	Setembr	Otubr	Novembr	Dezembr	Jan	Feb	Mar	Abr	Mai	Jun	Jul	Ago	Set	Otu	Nov	Dez	AD	A	2049	GregorianCalendar	0
kok-Latn-IN	=	kok-Latn
ks	اے ایم	پی ایم	/	:	M/d/yyyy	dddd, MMMM d, yyyy	h:mm tt	h:mm:ss tt	dddd, MMMM d, yyyy h:mm:ss tt	MMMM d	MMMM yyyy	اَتھوار	ژٔندرٕروار	بۆموار	بودوار	برؠسوار	جُمہ	بٹوار	آتھوار	ژٔندٕروار	بۆموار	بودوار	برؠسوار	جُمہ	بٹوار	جنؤری	فرؤری	مارٕچ	اپریل	مئی	جوٗن	جوٗلایی	اگست	ستمبر	اکتوٗبر	نومبر	دسمبر	جنؤری	فرؤری	مارٕچ	اپریل	مئی	جوٗن	جوٗلایی	اگست	ستمبر	اکتوٗبر	نومبر	دسمبر	جنؤری	فرؤری	مارٕچ	اپریل	مئی	جوٗن	جُلَے	اگست	ستمبر	اکتوٗبر	نومبر	دَسَمبَر	جنؤری	فرؤری	مارٕچ	اپریل	مئی	جوٗن	جُلَے	اگست	ستمبر	اکتوٗبر	نومبر	دسمبر	اے ڈی	اے ڈی	2049	GregorianCalendar	1
ks-Arab	=	ks
ks-Arab-IN	=	ks
ks-Deva	ये एम	पी एम	/	:	d/M/yyyy	dddd, d MMMM yyyy	tt h:mm	tt h:mm:ss	dddd, d MMMM yyyy tt h:mm:ss	MMMM d	yyyy MMMM	आथवार	चंदिरवार	बुवार	बोदवार	ब्रेसवार	जुम्मा	बटवार	आथवार	चंदिरवार	बुवार	बोदवार	ब्रेसवार	जुम्मा	बटवार	जनवरी	फ़रवरी	मार्च	अप्रैल	मई	जून	जुलाई	अगस्त	सतुंबर	अकतुम्बर	नवूमबर	दसूमबर	जनवरी	फ़रवरी	मार्च	अप्रैल	मई	जून	जुलाई	अगस्त	सतुंबर	अकतुम्बर	नवूमबर	दसमबर	जनवरी	फ़रवरी	मार्च	अप्रैल	मई	जून	जुलाई	अगस्त	सतमबर	अक्तूबर	नवमबर	दसमबर	जनवरी	फ़रवरी	मार्च	अप्रैल	मई	जून	जुलाई	अगस्त	सतुंबर	अक्तूबर	नवूमबर	दसमबर	AD	AD	2049	GregorianCalendar	1
ks-Deva-IN	=	ks-Deva
ksb	makeo	nyiaghuo	/	:	dd/MM/yyyy	dddd, d MMMM yyyy	HH:mm	HH:mm:ss	dddd, d MMMM yyyy HH:mm:ss	MMMM d	MMMM yyyy	Jumaapii	Jumaatatu	Jumaane	Jumaatano	Alhamisi	Ijumaa	Jumaamosi	Jpi	Jtt	Jmn	Jtn	Alh	Iju	Jmo	Januali	Febluali	Machi	Aplili	Mei	Juni	Julai	Agosti	Septemba	Oktoba	Novemba	Desemba	Jan	Feb	Mac	Apr	Mei	Jun	Jul	Ago	Sep	Okt	Nov	Des	Januali	Febluali	Machi	Aplili	Mei	Juni	Julai	Agosti	Septemba	Oktoba	Novemba	Desemba	Jan	Feb	Mac	Apr	Mei	Jun	Jul	Ago	Sep	Okt	Nov	Des	BK	BK	2049	GregorianCalendar	0
ksb-TZ	=	ksb
ksf	sárúwá	cɛɛ́nko	/	:	d/M/yyyy	dddd d MMMM yyyy	HH:mm	HH:mm:ss	dddd d MMMM yyyy HH:mm:ss	MMMM d	yyyy MMMM	sɔ́ndǝ	lǝndí	maadí	mɛkrɛdí	jǝǝdí	júmbá	samdí	sɔ́n	lǝn	maa	mɛk	jǝǝ	júm	sam	ŋwíí a ntɔ́ntɔ	ŋwíí akǝ bɛ́ɛ	ŋwíí akǝ ráá	ŋwíí akǝ nin	ŋwíí akǝ táan	ŋwíí akǝ táafɔk	ŋwíí akǝ táabɛɛ	ŋwíí akǝ táaraa	ŋwíí akǝ táanin	ŋwíí akǝ ntɛk	ŋwíí akǝ ntɛk di bɔ́k	ŋwíí akǝ ntɛk di bɛ́ɛ	ŋ1	ŋ2	ŋ3	ŋ4	ŋ5	ŋ6	ŋ7	ŋ8	ŋ9	ŋ10	ŋ11	ŋ12	ŋwíí a ntɔ́ntɔ	ŋwíí akǝ bɛ́ɛ	ŋwíí akǝ ráá	ŋwíí akǝ nin	ŋwíí akǝ táan	ŋwíí akǝ táafɔk	ŋwíí akǝ táabɛɛ	ŋwíí akǝ táaraa	ŋwíí akǝ táanin	ŋwíí akǝ ntɛk	ŋwíí akǝ ntɛk di bɔ́k	ŋwíí akǝ ntɛk di bɛ́ɛ	ŋ1	ŋ2	ŋ3	ŋ4	ŋ5	ŋ6	ŋ7	ŋ8	ŋ9	ŋ10	ŋ11	ŋ12	k.Y.	k.Y.	2049	GregorianCalendar	4
ksf-CM	=	ksf
ksh	Uhr vörmiddaachs	Uhr nommendaachs	. 	:	d. M. yyyy	dddd, 'dä' d. MMMM yyyy	HH:mm	HH:mm:ss	dddd, 'dä' d. MMMM yyyy HH:mm:ss	d. MMMM	MMMM yyyy	Sunndaach	Mohndaach	Dinnsdaach	Metwoch	Dunnersdaach	Friidaach	Samsdaach	Su.	Mo.	Di.	Me.	Du.	Fr.	Sa.	Jannewa	Fäbrowa	Määz	Aprell	Mai	Juuni	Juuli	Oujoß	Septämber	Oktohber	Novämber	Dezämber	Jan.	Fäb.	Mäz.	Apr.	Mai	Jun.	Jul.	Ouj.	Säp.	Okt.	Nov.	Dez.	Jannewa	Fäbrowa	Määz	Aprell	Mai	Juuni	Juuli	Oujoß	Septämber	Oktohber	Novämber	Dezämber	Jan	Fäb	Mäz	Apr	Mai	Jun	Jul	Ouj	Säp	Okt	Nov	Dez	n. Chr.	nC	2049	GregorianCalendar	1
ksh-DE	=	ksh
ku	BN	PN	.	:	dd.MM.yyyy	dddd, d'ê' MMMM'a' yyyy'an'	HH:mm	HH:mm:ss	dddd, d'ê' MMMM'a' yyyy'an' HH:mm:ss	d'ê' MMMM'ê'	MMMM'a' yyyy'an'	yekşem	duşem	sêşem	çarşem	pêncşem	înî	şemî	yşm	dşm	sşm	çşm	pşm	înî	şem	rêbendan	sibat	adar	nîsan	gulan	hezîran	tîrmeh	tebax	îlon	cotmeh	mijdar	berfanbar	rbn	sbt	adr	nsn	gln	hzr	trm	tbx	îln	cot	mjd	brf	rêbendan	sibat	adar	nîsan	gulan	hezîran	tîrmeh	tebax	îlon	cotmeh	mijdar	berfanbar	rbn	sbt	adr	nsn	gln	hzr	trm	tbx	îln	cot	mjd	brf	PZ	PZ	2049	GregorianCalendar	0
ku-TR	=	ku
kw	a.m.	p.m.	-	:	yyyy-MM-dd	yyyy MMMM d, dddd	HH:mm	HH:mm:ss	yyyy MMMM d, dddd HH:mm:ss	MMMM d	yyyy MMMM	dy Sul	dy Lun	dy Meurth	dy Merher	dy Yow	dy Gwener	dy Sadorn	Sul	Lun	Mth	Mhr	Yow	Gwe	Sad	mis Genver	mis Hwevrer	mis Meurth	mis Ebrel	mis Me	mis Metheven	mis Gortheren	mis Est	mis Gwynngala	mis Hedra	mis Du	mis Kevardhu	Gen	Hwe	Meu	Ebr	Me	Met	Gor	Est	Gwn	Hed	Du	Kev	mis Genver	mis Hwevrer	mis Meurth	mis Ebrel	mis Me	mis Metheven	mis Gortheren	mis Est	mis Gwynngala	mis Hedra	mis Du	mis Kevardhu	Gen	Hwe	Meu	Ebr	Me	Met	Gor	Est	Gwn	Hed	Du	Kev	AD	AD	2049	GregorianCalendar	20
kw-GB	=	kw
kxv	am	pm	/	:	d/M/yyyy	dddd, d MMMM yyyy	h:mm tt	h:mm:ss tt	dddd, d MMMM yyyy h:mm:ss tt	d MMMM	MMMM yyyy	aadi vara	smbara	mangaḍa	pudara	laki vara	sukru vara	sani vara	aadi	smba	manga	puda	laki	sukru	sani	pusu lenju	maha lenju	pagu lenju	hire lenju	bese lenju	jaṭṭa lenju	aasaḍi lenju	srabĩ lenju	bado lenju	dasara lenju	divi lenju	pande lenju	pusu	maha	pagu	hire	bese	jaṭṭa	aasaḍi	srabĩ	bado	dasara	divi	pande	pusu lenju	maha lenju	pagu lenju	hire lenju	bese lenju	jaṭṭa lenju	aasaḍi lenju	srabĩ lenju	bado lenju	dasara lenju	divi lenju	pande lenju	pusu	maha	pagu	hire	bese	jaṭṭa	aasaḍi	srabĩ	bado	dasara	divi	pande	ad	ad	2049	GregorianCalendar	20
kxv-Deva	ए एम	पी एम	/	:	d/M/yyyy	dddd, d MMMM yyyy	h:mm tt	h:mm:ss tt	dddd, d MMMM yyyy h:mm:ss tt	d MMMM	MMMM yyyy	आदि वारा	साॅम्वारा	मंगाड़ा	पुद्दारा	लाक्कि वारा	सुकुरु वारा	सान्नि वारा	आदि	साॅम्मा	मान्गा	पूदा	लाक्की	सुकुरु	सान्नि	पुसु लेञ्जु	माहाका लेञ्जु	पागुणी लेञ्जु	हिरे लेञ्जु	बेसे लेञ्जु	जाटा लेञ्जु	आसाड़ी लेञ्जु	स्राबाँ लेञ्जु	बोदो लेञ्जु	दसारा लेञ्जु	दिवी लेञ्जु	पान्डे लेञ्जु	पुसु	माहा	पागु	हिर्रे	बेसे	जाट्टा	आसाड़ी	स्राबाँ	बाॅदो	दासारा	दिवी	पान्डे	पुसु लेञ्जु	माहाका लेञ्जु	पागुणी लेञ्जु	हिरे लेञ्जु	बेसे लेञ्जु	जाटा लेञ्जु	आसाड़ी लेञ्जु	स्राबाँ लेञ्जु	बोदो लेञ्जु	दसारा लेञ्जु	दिवी लेञ्जु	पान्डे लेञ्जु	पुसु	माहा	पागु	हिर्रे	बेसे	जाट्टा	आसाड़ी	स्राबाँ	बाॅदो	दासारा	दिवी	पान्डे	ए-डि	ए-डि	2049	GregorianCalendar	20
kxv-Deva-IN	=	kxv-Deva
kxv-Latn	=	kxv
kxv-Latn-IN	=	kxv
kxv-Orya	ଏ ଏମ	ପି ଏମ	/	:	d/M/yyyy	dddd, d MMMM yyyy	h:mm tt	h:mm:ss tt	dddd, d MMMM yyyy h:mm:ss tt	d MMMM	MMMM yyyy	ଆଦି ୱାରା	ସମ୍ବାରା	ମାଙ୍ଗାଡ଼ା	ପୁଦାରା	ଲାକି ୱାରା	ସୁକ୍ରୁ ୱାରା	ସାନି ୱାରା	ଆଦି	ସମ୍ବା	ମାଙ୍ଗା	ପୁଦା	ଲାକି	ସୁକ୍ରୁ	ସାନି	ପୁସୁ ଲେଞ୍ଜୁ	ମାହାକା ଲେଞ୍ଜୁ	ପାଗୁଣି ଲେଞ୍ଜୁ	ହିରେ ଲେଞ୍ଜୁ	ବେସେ ଲେଞ୍ଜୁ	ଜାଟା ଲେଞ୍ଜୁ	ଆସାଡ଼ି ଲେଞ୍ଜୁ	ସ୍ରାବାଁ ଲେଞ୍ଜୁ	ବଦ ଲେଞ୍ଜୁ	ଦାସାରା ଲେଞ୍ଜୁ	ଦିୱିଡ଼ି ଲେଞ୍ଜୁ	ପାଣ୍ଡେ ଲେଞ୍ଜୁ	ପୁସୁ	ମାହା	ପାଗୁ	ହିରେ	ବେସେ	ଜାଟା	ଆସାଡ଼ି	ସ୍ରାବାଁ	ବଦ	ଦାସାରା	ଦିୱି	ପାଣ୍ଡେ	ପୁସୁ ଲେଞ୍ଜୁ	ମାହାକା ଲେଞ୍ଜୁ	ପାଗୁଣି ଲେଞ୍ଜୁ	ହିରେ ଲେଞ୍ଜୁ	ବେସେ ଲେଞ୍ଜୁ	ଜାଟା ଲେଞ୍ଜୁ	ଆସାଡ଼ି ଲେଞ୍ଜୁ	ସ୍ରାବାଁ ଲେଞ୍ଜୁ	ବଦ ଲେଞ୍ଜୁ	ଦାସାରା ଲେଞ୍ଜୁ	ଦିୱିଡ଼ି ଲେଞ୍ଜୁ	ପାଣ୍ଡେ ଲେଞ୍ଜୁ	ପୁସୁ	ମାହା	ପାଗୁ	ହିରେ	ବେସେ	ଜାଟା	ଆସାଡ଼ି	ସ୍ରାବାଁ	ବଦ	ଦାସାରା	ଦିୱି	ପାଣ୍ଡେ	ଏଡି	ଏଡି	2049	GregorianCalendar	20
kxv-Orya-IN	=	kxv-Orya
kxv-Telu	ఎ ఎమ్	పి ఎమ్	/	:	d/M/yyyy	dddd, d MMMM yyyy	h:mm tt	h:mm:ss tt	dddd, d MMMM yyyy h:mm:ss tt	d MMMM	MMMM yyyy	వారమి	నమారా	మాంగాడా	వుదారా	లాకివరా	నుక్ వరా	సానివరా	వారమి	నమారా	మాంగాడా	వుదారా	లాకివరా	నుక్ వరా	సానివరా	మాగ	గుండు	హిరెఇ	బెసెకి	లండి	రాత	బాన్దపాణా	బార్సి	అస్ర	దివెడి	పాండు	పుసు	మాగ	గుండు	హిరెఇ	బెసెకి	లండి	రాత	బాన్దపాణా	బార్సి	అస్ర	దివెడి	పాండు	పుసు	మాగ	గుండు	హిరెఇ	బెసెకి	లండి	రాత	బాన్దపాణా	బార్సి	అస్ర	దివెడి	పాండు	పుసు	మాగ	గుండు	హిరెఇ	బెసెకి	లండి	రాత	బాన్దపాణా	బార్సి	అస్ర	దివెడి	పాండు	పుసు	క్రీశ	క్రీశ	2049	GregorianCalendar	16
kxv-Telu-IN	=	kxv-Telu
ky	таңкы	түштөн кийинки	/	:	d/M/yyyy	yyyy-'ж'., d-MMMM, dddd	HH:mm	HH:mm:ss	yyyy-'ж'., d-MMMM, dddd HH:mm:ss	d-MMMM	yyyy-'ж'., MMMM	жекшемби	дүйшөмбү	шейшемби	шаршемби	бейшемби	жума	ишемби	жек.	дүй.	шейш.	шарш.	бейш.	жума	ишм.	Январь	Февраль	Март	Апрель	Май	Июнь	Июль	Август	Сентябрь	Октябрь	Ноябрь	Декабрь	Янв	Фев	Мар	Апр	Май	Июн	Июл	Авг	Сен	Окт	Ноя	Дек	январь	февраль	март	апрель	май	июнь	июль	август	сентябрь	октябрь	ноябрь	декабрь	янв.	фев.	мар.	апр.	май	июн.	июл.	авг.	сен.	окт.	ноя.	дек.	б.з.	б.з.	2049	GregorianCalendar	1
ky-KG	=	ky
lag	TOO	MUU	/	:	dd/MM/yyyy	dddd, d MMMM yyyy	HH:mm	HH:mm:ss	dddd, d MMMM yyyy HH:mm:ss	MMMM d	MMMM yyyy	Jumapíiri	Jumatátu	Jumaíne	Jumatáano	Alamíisi	Ijumáa	Jumamóosi	Píili	Táatu	Íne	Táano	Alh	Ijm	Móosi	Kʉfúngatɨ	Kʉnaanɨ	Kʉkeenda	Kwiikumi	Kwiinyambála	Kwiidwaata	Kʉmʉʉnchɨ	Kʉvɨɨrɨ	Kʉsaatʉ	Kwiinyi	Kʉsaano	Kʉsasatʉ	Fúngatɨ	Naanɨ	Keenda	Ikúmi	Inyambala	Idwaata	Mʉʉnchɨ	Vɨɨrɨ	Saatʉ	Inyi	Saano	Sasatʉ	Kʉfúngatɨ	Kʉnaanɨ	Kʉkeenda	Kwiikumi	Kwiinyambála	Kwiidwaata	Kʉmʉʉnchɨ	Kʉvɨɨrɨ	Kʉsaatʉ	Kwiinyi	Kʉsaano	Kʉsasatʉ	Fúngatɨ	Naanɨ	Keenda	Ikúmi	Inyambala	Idwaata	Mʉʉnchɨ	Vɨɨrɨ	Saatʉ	Inyi	Saano	Sasatʉ	KA	KA	2049	GregorianCalendar	0
lag-TZ	=	lag
lb	moies	nomëttes	.	:	dd.MM.yyyy	dddd, d. MMMM yyyy	HH:mm	HH:mm:ss	dddd, d. MMMM yyyy HH:mm:ss	d. MMMM	MMMM yyyy	Sonndeg	Méindeg	Dënschdeg	Mëttwoch	Donneschdeg	Freideg	Samschdeg	Son	Méi	Dën	Mët	Don	Fre	Sam	Januar	Februar	Mäerz	Abrëll	Mee	Juni	Juli	August	September	Oktober	November	Dezember	Jan	Feb	Mäe	Abr	Mee	Jun	Jul	Aug	Sep	Okt	Nov	Dez	Januar	Februar	Mäerz	Abrëll	Mee	Juni	Juli	August	September	Oktober	November	Dezember	Jan.	Feb.	Mäe.	Abr.	Mee	Juni	Juli	Aug.	Sep.	Okt.	Nov.	Dez.	n. Chr.	n. Chr.	2049	GregorianCalendar	1
lb-LU	=	lb
lg	AM	PM	/	:	dd/MM/yyyy	dddd, d MMMM yyyy	HH:mm	HH:mm:ss	dddd, d MMMM yyyy HH:mm:ss	MMMM d	MMMM yyyy	Sabbiiti	Balaza	Lwakubiri	Lwakusatu	Lwakuna	Lwakutaano	Lwamukaaga	Sab	Bal	Lw2	Lw3	Lw4	Lw5	Lw6	Janwaliyo	Febwaliyo	Marisi	Apuli	Maayi	Juuni	Julaayi	Agusito	Sebuttemba	Okitobba	Novemba	Desemba	Jan	Feb	Mar	Apu	Maa	Juu	Jul	Agu	Seb	Oki	Nov	Des	Janwaliyo	Febwaliyo	Marisi	Apuli	Maayi	Juuni	Julaayi	Agusito	Sebuttemba	Okitobba	Novemba	Desemba	Jan	Feb	Mar	Apu	Maa	Juu	Jul	Agu	Seb	Oki	Nov	Des	AD	AD	2049	GregorianCalendar	0
lg-UG	=	lg
lij	AM	PM	-	:	yyyy-MM-dd	yyyy MMMM d, dddd	HH:mm	HH:mm:ss	yyyy MMMM d, dddd HH:mm:ss	MMMM d	yyyy MMMM	domenega	lunesdì	mätesdì	mäcordì	zeuggia	venardì	sabbo	domenega	lunesdì	mätesdì	mäcordì	zeuggia	venardì	sabbo	de zenâ	de frevâ	de marso	d’arvî	de mazzo	de zugno	de luggio	d’agosto	de settembre	d’ottobre	de novembre	de dexembre	de zenâ	de frevâ	de marso	d’arvî	de mazzo	de zugno	de luggio	d’agosto	de settembre	d’ottobre	de novembre	de dexembre	de zenâ	de frevâ	de marso	d’arvî	de mazzo	de zugno	de luggio	d’agosto	de settembre	d’ottobre	de novembre	de dexembre	de zenâ	de frevâ	de marso	d’arvî	de mazzo	de zugno	de luggio	d’agosto	de settembre	d’ottobre	de novembre	de dexembre	CE	CE	2049	GregorianCalendar	4
lij-IT	=	lij
lkt	AM	PM	/	:	M/d/yyyy	dddd, MMMM d, yyyy	h:mm tt	h:mm:ss tt	dddd, MMMM d, yyyy h:mm:ss tt	MMMM d	yyyy MMMM	Aŋpétuwakȟaŋ	Aŋpétuwaŋži	Aŋpétunuŋpa	Aŋpétuyamni	Aŋpétutopa	Aŋpétuzaptaŋ	Owáŋgyužažapi	Aŋpétuwakȟaŋ	Aŋpétuwaŋži	Aŋpétunuŋpa	Aŋpétuyamni	Aŋpétutopa	Aŋpétuzaptaŋ	Owáŋgyužažapi	Wiótheȟika Wí	Thiyóȟeyuŋka Wí	Ištáwičhayazaŋ Wí	Pȟežítȟo Wí	Čhaŋwápetȟo Wí	Wípazukȟa-wašté Wí	Čhaŋpȟásapa Wí	Wasútȟuŋ Wí	Čhaŋwápeǧi Wí	Čhaŋwápe-kasná Wí	Waníyetu Wí	Tȟahékapšuŋ Wí	Wiótheȟika Wí	Thiyóȟeyuŋka Wí	Ištáwičhayazaŋ Wí	Pȟežítȟo Wí	Čhaŋwápetȟo Wí	Wípazukȟa-wašté Wí	Čhaŋpȟásapa Wí	Wasútȟuŋ Wí	Čhaŋwápeǧi Wí	Čhaŋwápe-kasná Wí	Waníyetu Wí	Tȟahékapšuŋ Wí	Wiótheȟika Wí	Thiyóȟeyuŋka Wí	Ištáwičhayazaŋ Wí	Pȟežítȟo Wí	Čhaŋwápetȟo Wí	Wípazukȟa-wašté Wí	Čhaŋpȟásapa Wí	Wasútȟuŋ Wí	Čhaŋwápeǧi Wí	Čhaŋwápe-kasná Wí	Waníyetu Wí	Tȟahékapšuŋ Wí	Wiótheȟika Wí	Thiyóȟeyuŋka Wí	Ištáwičhayazaŋ Wí	Pȟežítȟo Wí	Čhaŋwápetȟo Wí	Wípazukȟa-wašté Wí	Čhaŋpȟásapa Wí	Wasútȟuŋ Wí	Čhaŋwápeǧi Wí	Čhaŋwápe-kasná Wí	Waníyetu Wí	Tȟahékapšuŋ Wí	CE	CE	2049	GregorianCalendar	4
lkt-US	=	lkt
lmo	del matin	de sira	-	:	yyyy-MM-dd	yyyy MMMM d, dddd	HH:mm	HH:mm:ss	yyyy MMMM d, dddd HH:mm:ss	MMMM d	yyyy MMMM	domenega	lundì	mardì	mercoldì	sgiovedì	venerdì	sabet	domenega	lundì	mardì	mercoldì	sgiovedì	venerdì	sabet	sginer	fevrer	marz	avril	masg	sgiugn	luj	avost	setember	otover	november	dicember	sginer	fevrer	marz	avril	masg	sgiugn	luj	avost	setember	otover	november	dicember	sginer	fevrer	marz	avril	masg	sgiugn	luj	avost	setember	otover	november	dicember	sginer	fevrer	marz	avril	masg	sgiugn	luj	avost	setember	otover	november	dicember	CE	CE	2049	GregorianCalendar	0
lmo-IT	=	lmo
ln	ntɔ́ngɔ́	mpókwa	/	:	d/M/yyyy	dddd d MMMM yyyy	HH:mm	HH:mm:ss	dddd d MMMM yyyy HH:mm:ss	MMMM d	yyyy MMMM	eyenga	mokɔlɔ mwa yambo	mokɔlɔ mwa míbalé	mokɔlɔ mwa mísáto	mokɔlɔ ya mínéi	mokɔlɔ ya mítáno	mpɔ́sɔ	eye	ybo	mbl	mst	min	mtn	mps	sánzá ya yambo	sánzá ya míbalé	sánzá ya mísáto	sánzá ya mínei	sánzá ya mítáno	sánzá ya motóbá	sánzá ya nsambo	sánzá ya mwambe	sánzá ya libwa	sánzá ya zómi	sánzá ya zómi na mɔ̌kɔ́	sánzá ya zómi na míbalé	yan	fbl	msi	apl	mai	yun	yul	agt	stb	ɔtb	nvb	dsb	sánzá ya yambo	sánzá ya míbalé	sánzá ya mísáto	sánzá ya mínei	sánzá ya mítáno	sánzá ya motóbá	sánzá ya nsambo	sánzá ya mwambe	sánzá ya libwa	sánzá ya zómi	sánzá ya zómi na mɔ̌kɔ́	sánzá ya zómi na míbalé	yan	fbl	msi	apl	mai	yun	yul	agt	stb	ɔtb	nvb	dsb	nsima ya Y	nsima ya Y	2049	GregorianCalendar	20
ln-AO	=	ln
ln-CD	=	ln
ln-CF	=	ln
ln-CG	=	ln
lo	ກ່ອນທ່ຽງ	ຫຼັງທ່ຽງ	/	:	d/M/yyyy	dddd, d MMMM yyyy	H:mm	H:mm:ss	dddd, d MMMM yyyy H:mm:ss	d MMMM	MMMM yyyy	ວັນອາທິດ	ວັນຈັນ	ວັນອັງຄານ	ວັນພຸດ	ວັນພະຫັດ	ວັນສຸກ	ວັນເສົາ	ອາທິດ	ຈັນ	ອັງຄານ	ພຸດ	ພະຫັດ	ສຸກ	ເສົາ	ມັງກອນ	ກຸມພາ	ມີນາ	ເມສາ	ພຶດສະພາ	ມິຖຸນາ	ກໍລະກົດ	ສິງຫາ	ກັນຍາ	ຕຸລາ	ພະຈິກ	ທັນວາ	ມ.ກ.	ກ.ພ.	ມ.ນ.	ມ.ສ.	ພ.ພ.	ມິ.ຖ.	ກ.ລ.	ສ.ຫ.	ກ.ຍ.	ຕ.ລ.	ພ.ຈ.	ທ.ວ.	ມັງກອນ	ກຸມພາ	ມີນາ	ເມສາ	ພຶດສະພາ	ມິຖຸນາ	ກໍລະກົດ	ສິງຫາ	ກັນຍາ	ຕຸລາ	ພະຈິກ	ທັນວາ	ມ.ກ.	ກ.ພ.	ມ.ນ.	ມ.ສ.	ພ.ພ.	ມິ.ຖ.	ກ.ລ.	ສ.ຫ.	ກ.ຍ.	ຕ.ລ.	ພ.ຈ.	ທ.ວ.	ຄ.ສ.	ຄ.ສ.	2049	GregorianCalendar	0
lo-LA	=	lo
lrc	AM	PM	-	:	g yyyy-MM-dd	g yyyy MMMM d, dddd	HH:mm	HH:mm:ss	g yyyy MMMM d, dddd HH:mm:ss	MMMM d	g yyyy MMMM	Sun	Mon	Tue	Wed	Thu	Fri	Sat	Sun	Mon	Tue	Wed	Thu	Fri	Sat	Farvardin	Ordibehesht	Khordad	Tir	Mordad	Shahrivar	Mehr	Aban	Azar	Dey	Bahman	Esfand	Farvardin	Ordibehesht	Khordad	Tir	Mordad	Shahrivar	Mehr	Aban	Azar	Dey	Bahman	Esfand	Farvardin	Ordibehesht	Khordad	Tir	Mordad	Shahrivar	Mehr	Aban	Azar	Dey	Bahman	Esfand	Farvardin	Ordibehesht	Khordad	Tir	Mordad	Shahrivar	Mehr	Aban	Azar	Dey	Bahman	Esfand	AP	AP	1410	PersianCalendar	0
lrc-IQ	AM	PM	-	:	yyyy-MM-dd	yyyy MMMM d, dddd	h:mm tt	h:mm:ss tt	yyyy MMMM d, dddd h:mm:ss tt	MMMM d	yyyy MMMM	Sun	Mon	Tue	Wed	Thu	Fri	Sat	Sun	Mon	Tue	Wed	Thu	Fri	Sat	جانڤیە	فئڤریە	مارس	آڤریل	مئی	جوٙأن	جوٙلا	آگوست	سئپتامر	ئوکتوڤر	نوڤامر	دئسامر	جانڤیە	فئڤریە	مارس	آڤریل	مئی	جوٙأن	جوٙلا	آگوست	سئپتامر	ئوکتوڤر	نوڤامر	دئسامر	جانڤیە	فئڤریە	مارس	آڤریل	مئی	جوٙأن	جوٙلا	آگوست	سئپتامر	ئوکتوڤر	نوڤامر	دئسامر	جانڤیە	فئڤریە	مارس	آڤریل	مئی	جوٙأن	جوٙلا	آگوست	سئپتامر	ئوکتوڤر	نوڤامر	دئسامر	CE	CE	2049	GregorianCalendar	0
lrc-IR	=	lrc
lt	priešpiet	popiet	-	:	yyyy-MM-dd	yyyy 'm'. MMMM d 'd'., dddd	HH:mm	HH:mm:ss	yyyy 'm'. MMMM d 'd'., dddd HH:mm:ss	MMMM d 'd'.	yyyy 'm'. MMMM	sekmadienis	pirmadienis	antradienis	trečiadienis	ketvirtadienis	penktadienis	šeštadienis	sk	pr	an	tr	kt	pn	št	sausis	vasaris	kovas	balandis	gegužė	birželis	liepa	rugpjūtis	rugsėjis	spalis	lapkritis	gruodis	saus.	vas.	kov.	bal.	geg.	birž.	liep.	rugp.	rugs.	spal.	lapkr.	gruod.	sausio	vasario	kovo	balandžio	gegužės	birželio	liepos	rugpjūčio	rugsėjo	spalio	lapkričio	gruodžio	saus.	vas.	kov.	bal.	geg.	birž.	liep.	rugp.	rugs.	spal.	lapkr.	gruod.	po Kr.	po Kr.	2049	GregorianCalendar	1
lt-LT	=	lt
lu	Dinda	Dilolo	/	:	d/M/yyyy	dddd d MMMM yyyy	HH:mm	HH:mm:ss	dddd d MMMM yyyy HH:mm:ss	MMMM d	yyyy MMMM	Lumingu	Nkodya	Ndàayà	Ndangù	Njòwa	Ngòvya	Lubingu	Lum	Nko	Ndy	Ndg	Njw	Ngv	Lub	Ciongo	Lùishi	Lusòlo	Mùuyà	Lumùngùlù	Lufuimi	Kabàlàshìpù	Lùshìkà	Lutongolo	Lungùdi	Kaswèkèsè	Ciswà	Cio	Lui	Lus	Muu	Lum	Luf	Kab	Lush	Lut	Lun	Kas	Cis	Ciongo	Lùishi	Lusòlo	Mùuyà	Lumùngùlù	Lufuimi	Kabàlàshìpù	Lùshìkà	Lutongolo	Lungùdi	Kaswèkèsè	Ciswà	Cio	Lui	Lus	Muu	Lum	Luf	Kab	Lush	Lut	Lun	Kas	Cis	kny. Y. K.	kny. Y. K.	2049	GregorianCalendar	0
lu-CD	=	lu
luo	OD	OT	/	:	dd/MM/yyyy	dddd, d MMMM yyyy	HH:mm	HH:mm:ss	dddd, d MMMM yyyy HH:mm:ss	MMMM d	MMMM yyyy	Jumapil	Wuok Tich	Tich Ariyo	Tich Adek	Tich Ang’wen	Tich Abich	Ngeso	JMP	WUT	TAR	TAD	TAN	TAB	NGS	Dwe mar Achiel	Dwe mar Ariyo	Dwe mar Adek	Dwe mar Ang’wen	Dwe mar Abich	Dwe mar Auchiel	Dwe mar Abiriyo	Dwe mar Aboro	Dwe mar Ochiko	Dwe mar Apar	Dwe mar gi achiel	Dwe mar Apar gi ariyo	DAC	DAR	DAD	DAN	DAH	DAU	DAO	DAB	DOC	DAP	DGI	DAG	Dwe mar Achiel	Dwe mar Ariyo	Dwe mar Adek	Dwe mar Ang’wen	Dwe mar Abich	Dwe mar Auchiel	Dwe mar Abiriyo	Dwe mar Aboro	Dwe mar Ochiko	Dwe mar Apar	Dwe mar gi achiel	Dwe mar Apar gi ariyo	DAC	DAR	DAD	DAN	DAH	DAU	DAO	DAB	DOC	DAP	DGI	DAG	AD	AD	2049	GregorianCalendar	20
luo-KE	=	luo
luy	a.m.	p.m.	/	:	dd/MM/yyyy	dddd, d MMMM yyyy	HH:mm	HH:mm:ss	dddd, d MMMM yyyy HH:mm:ss	MMMM d	MMMM yyyy	Jumapiri	Jumatatu	Jumanne	Jumatano	Murwa wa Kanne	Murwa wa Katano	Jumamosi	J2	J3	J4	J5	Al	Ij	J1	Januari	Februari	Machi	Aprili	Mei	Juni	Julai	Agosti	Septemba	Oktoba	Novemba	Desemba	Jan	Feb	Mar	Apr	Mei	Jun	Jul	Ago	Sep	Okt	Nov	Des	Januari	Februari	Machi	Aprili	Mei	Juni	Julai	Agosti	Septemba	Oktoba	Novemba	Desemba	Jan	Feb	Mar	Apr	Mei	Jun	Jul	Ago	Sep	Okt	Nov	Des	AD	AD	2049	GregorianCalendar	16
luy-KE	=	luy
lv	priekšpusdienā	pēcpusdienā	.	:	dd.MM.yyyy	dddd, yyyy. 'gada' d. MMMM	HH:mm	HH:mm:ss	dddd, yyyy. 'gada' d. MMMM HH:mm:ss	d. MMMM	yyyy. 'g'. MMMM	Svētdiena	Pirmdiena	Otrdiena	Trešdiena	Ceturtdiena	Piektdiena	Sestdiena	Svētd.	Pirmd.	Otrd.	Trešd.	Ceturtd.	Piektd.	Sestd.	janvāris	februāris	marts	aprīlis	maijs	jūnijs	jūlijs	augusts	septembris	oktobris	novembris	decembris	janv.	febr.	marts	apr.	maijs	jūn.	jūl.	aug.	sept.	okt.	nov.	dec.	janvāris	februāris	marts	aprīlis	maijs	jūnijs	jūlijs	augusts	septembris	oktobris	novembris	decembris	janv.	febr.	marts	apr.	maijs	jūn.	jūl.	aug.	sept.	okt.	nov.	dec.	m.ē.	m.ē.	2049	GregorianCalendar	0
lv-LV	=	lv
mai	भोर	सांझ	/	:	d/M/yyyy	dddd, d MMMM yyyy	h:mm tt	h:mm:ss tt	dddd, d MMMM yyyy h:mm:ss tt	d MMMM	MMMM yyyy	रवि दिन	सोम दिन	मंगल दिन	बुध दिन	बृहस्पति दिन	शुक्र दिन	शनि दिन	रवि	सोम	मंगल	बुध	गुरु	शुक्र	शनि	जनवरी	फरवरी	मार्च	अप्रैल	मई	जून	जुलाई	अगस्त	सितंबर	अक्टूबर	नवंबर	दिसंबर	जन॰	फर॰	मार्च	अप्रैल	मई	जून	जुल॰	अग॰	सित॰	अक्तू॰	नव॰	दिस॰	जनवरी	फरवरी	मार्च	अप्रैल	मई	जून	जुलाई	अगस्त	सितंबर	अक्तूबर	नवंबर	दिसंबर	जन॰	फ़र॰	मार्च	अप्रैल	मई	जून	जुल॰	अग॰	सित॰	अक्तू॰	नव॰	दिस॰	ईसवी	ईसवी	2049	GregorianCalendar	17
mai-IN	=	mai
mas	Ɛnkakɛnyá	Ɛndámâ	/	:	dd/MM/yyyy	dddd, d MMMM yyyy	HH:mm	HH:mm:ss	dddd, d MMMM yyyy HH:mm:ss	MMMM d	MMMM yyyy	Jumapílí	Jumatátu	Jumane	Jumatánɔ	Alaámisi	Jumáa	Jumamósi	Jpi	Jtt	Jnn	Jtn	Alh	Iju	Jmo	Oladalʉ́	Arát	Ɔɛnɨ́ɔɨŋɔk	Olodoyíóríê inkókúâ	Oloilépūnyīē inkókúâ	Kújúɔrɔk	Mórusásin	Ɔlɔ́ɨ́bɔ́rárɛ	Kúshîn	Olgísan	Pʉshʉ́ka	Ntʉ́ŋʉ́s	Dal	Ará	Ɔɛn	Doy	Lép	Rok	Sás	Bɔ́r	Kús	Gís	Shʉ́	Ntʉ́	Oladalʉ́	Arát	Ɔɛnɨ́ɔɨŋɔk	Olodoyíóríê inkókúâ	Oloilépūnyīē inkókúâ	Kújúɔrɔk	Mórusásin	Ɔlɔ́ɨ́bɔ́rárɛ	Kúshîn	Olgísan	Pʉshʉ́ka	Ntʉ́ŋʉ́s	Dal	Ará	Ɔɛn	Doy	Lép	Rok	Sás	Bɔ́r	Kús	Gís	Shʉ́	Ntʉ́	EY	EY	2049	GregorianCalendar	4
mas-KE	=	mas
mas-TZ	=	mas
mer	RŨ	ŨG	/	:	dd/MM/yyyy	dddd, d MMMM yyyy	HH:mm	HH:mm:ss	dddd, d MMMM yyyy HH:mm:ss	MMMM d	MMMM yyyy	Kiumia	Muramuko	Wairi	Wethatu	Wena	Wetano	Jumamosi	KIU	MRA	WAI	WET	WEN	WTN	JUM	Januarĩ	Feburuarĩ	Machi	Ĩpurũ	Mĩĩ	Njuni	Njuraĩ	Agasti	Septemba	Oktũba	Novemba	Dicemba	JAN	FEB	MAC	ĨPU	MĨĨ	NJU	NJR	AGA	SPT	OKT	NOV	DEC	Januarĩ	Feburuarĩ	Machi	Ĩpurũ	Mĩĩ	Njuni	Njuraĩ	Agasti	Septemba	Oktũba	Novemba	Dicemba	JAN	FEB	MAC	ĨPU	MĨĨ	NJU	NJR	AGA	SPT	OKT	NOV	DEC	NK	NK	2049	GregorianCalendar	0
mer-KE	=	mer
mfe	AM	PM	/	:	d/M/yyyy	dddd d MMMM yyyy	HH:mm	HH:mm:ss	dddd d MMMM yyyy HH:mm:ss	d MMMM	MMMM yyyy	dimans	lindi	mardi	merkredi	zedi	vandredi	samdi	dim	lin	mar	mer	ze	van	sam	zanvie	fevriye	mars	avril	me	zin	zilye	out	septam	oktob	novam	desam	zan	fev	mar	avr	me	zin	zil	out	sep	okt	nov	des	zanvie	fevriye	mars	avril	me	zin	zilye	out	septam	oktob	novam	desam	zan	fev	mar	avr	me	zin	zil	out	sep	okt	nov	des	ap. Z-K	ap. Z-K	2049	GregorianCalendar	0
mfe-MU	=	mfe
mg	AM	PM	-	:	yyyy-MM-dd	dddd d MMMM yyyy	HH:mm	HH:mm:ss	dddd d MMMM yyyy HH:mm:ss	d MMMM	MMMM yyyy	Alahady	Alatsinainy	Talata	Alarobia	Alakamisy	Zoma	Asabotsy	Alah	Alats	Tal	Alar	Alak	Zom	Asab	Janoary	Febroary	Martsa	Aprily	Mey	Jona	Jolay	Aogositra	Septambra	Oktobra	Novambra	Desambra	Jan	Feb	Mar	Apr	Mey	Jon	Jol	Aog	Sep	Okt	Nov	Des	Janoary	Febroary	Martsa	Aprily	Mey	Jona	Jolay	Aogositra	Septambra	Oktobra	Novambra	Desambra	Jan	Feb	Mar	Apr	Mey	Jon	Jol	Aog	Sep	Okt	Nov	Des	AD	AD	2049	GregorianCalendar	0
mg-MG	=	mg
mgh	wichishu	mchochil’l	/	:	dd/MM/yyyy	dddd, d MMMM yyyy	HH:mm	HH:mm:ss	dddd, d MMMM yyyy HH:mm:ss	MMMM d	yyyy MMMM	Sabato	Jumatatu	Jumanne	Jumatano	Arahamisi	Ijumaa	Jumamosi	Sab	Jtt	Jnn	Jtn	Ara	Iju	Jmo	Mweri wo kwanza	Mweri wo unayeli	Mweri wo uneraru	Mweri wo unecheshe	Mweri wo unethanu	Mweri wo thanu na mocha	Mweri wo saba	Mweri wo nane	Mweri wo tisa	Mweri wo kumi	Mweri wo kumi na moja	Mweri wo kumi na yel’li	Kwa	Una	Rar	Che	Tha	Moc	Sab	Nan	Tis	Kum	Moj	Yel	Mweri wo kwanza	Mweri wo unayeli	Mweri wo uneraru	Mweri wo unecheshe	Mweri wo unethanu	Mweri wo thanu na mocha	Mweri wo saba	Mweri wo nane	Mweri wo tisa	Mweri wo kumi	Mweri wo kumi na moja	Mweri wo kumi na yel’li	Kwa	Una	Rar	Che	Tha	Moc	Sab	Nan	Tis	Kum	Moj	Yel	YY	YY	2049	GregorianCalendar	4
mgh-MZ	=	mgh
mgo	AM	PM	-	:	yyyy-MM-dd	dddd, yyyy MMMM dd	HH:mm	HH:mm:ss	dddd, yyyy MMMM dd HH:mm:ss	MMMM d	yyyy MMMM	Aneg 1	Aneg 2	Aneg 3	Aneg 4	Aneg 5	Aneg 6	Aneg 7	Aneg 1	Aneg 2	Aneg 3	Aneg 4	Aneg 5	Aneg 6	Aneg 7	iməg mbegtug	imeg àbùbì	imeg mbəŋchubi	iməg ngwə̀t	iməg fog	iməg ichiibɔd	iməg àdùmbə̀ŋ	iməg ichika	iməg kud	iməg tèsiʼe	iməg zò	iməg krizmed	mbegtug	imeg àbùbì	imeg mbəŋchubi	iməg ngwə̀t	iməg fog	iməg ichiibɔd	iməg àdùmbə̀ŋ	iməg ichika	iməg kud	iməg tèsiʼe	iməg zò	iməg krizmed	iməg mbegtug	imeg àbùbì	imeg mbəŋchubi	iməg ngwə̀t	iməg fog	iməg ichiibɔd	iməg àdùmbə̀ŋ	iməg ichika	iməg kud	iməg tèsiʼe	iməg zò	iməg krizmed	mbegtug	imeg àbùbì	imeg mbəŋchubi	iməg ngwə̀t	iməg fog	iməg ichiibɔd	iməg àdùmbə̀ŋ	iməg ichika	iməg kud	iməg tèsiʼe	iməg zò	iməg krizmed	CE	CE	2049	GregorianCalendar	20
mgo-CM	=	mgo
mi	AM	PM	-	:	dd-MM-yyyy	dddd, d MMMM yyyy	h:mm tt	h:mm:ss tt	dddd, d MMMM yyyy h:mm:ss tt	d MMMM	MMMM yyyy	Rātapu	Mane	Tūrei	Wenerei	Tāite	Paraire	Rāhoroi	Rāt	Man	Tūr	Wen	Tāi	Par	Rāh	Hānuere	Pēpuere	Māehe	Āperira	Mei	Hune	Hūrae	Ākuhata	Hepetema	Oketopa	Noema	Tīhema	Hān	Pēp	Māe	Āpe	Mei	Hun	Hūr	Āku	Hep	Oke	Noe	Tīh	Hānuere	Pēpuere	Māehe	Āpereira	Mei	Hune	Hūrae	Ākuhata	Hepetema	Oketopa	Noema	Tīhema	Hān	Pēp	Māe	Āpe	Mei	Hun	Hūr	Āku	Hep	Oke	Noe	Tīh	CE	CE	2049	GregorianCalendar	1
mi-NZ	=	mi
mk	претпл.	попл.	.	:	d.M.yyyy	dddd, d MMMM yyyy 'г'.	HH:mm	HH:mm:ss	dddd, d MMMM yyyy 'г'. HH:mm:ss	d MMMM	MMMM yyyy 'г'.	недела	понеделник	вторник	среда	четврток	петок	сабота	нед.	пон.	вто.	сре.	чет.	пет.	саб.	јануари	февруари	март	април	мај	јуни	јули	август	септември	октомври	ноември	декември	јан.	фев.	мар.	апр.	мај	јун.	јул.	авг.	сеп.	окт.	ное.	дек.	јануари	февруари	март	април	мај	јуни	јули	август	септември	октомври	ноември	декември	јан.	фев.	мар.	апр.	мај	јун.	јул.	авг.	сеп.	окт.	ное.	дек.	н. е.	н. е.	2049	GregorianCalendar	0
mk-MK	=	mk
ml	AM	PM	/	:	d/M/yyyy	yyyy, MMMM d, dddd	h:mm tt	h:mm:ss tt	yyyy, MMMM d, dddd h:mm:ss tt	MMMM d	yyyy MMMM	ഞായറാഴ്‌ച	തിങ്കളാഴ്‌ച	ചൊവ്വാഴ്‌ച	ബുധനാഴ്‌ച	വ്യാഴാഴ്‌ച	വെള്ളിയാഴ്‌ച	ശനിയാഴ്‌ച	ഞായർ	തിങ്കൾ	ചൊവ്വ	ബുധൻ	വ്യാഴം	വെള്ളി	ശനി	ജനുവരി	ഫെബ്രുവരി	മാർച്ച്	ഏപ്രിൽ	മേയ്	ജൂൺ	ജൂലൈ	ഓഗസ്റ്റ്	സെപ്റ്റംബർ	ഒക്‌ടോബർ	നവംബർ	ഡിസംബർ	ജനു	ഫെബ്രു	മാർ	ഏപ്രി	മേയ്	ജൂൺ	ജൂലൈ	ഓഗ	സെപ്റ്റം	ഒക്ടോ	നവം	ഡിസം	ജനുവരി	ഫെബ്രുവരി	മാർച്ച്	ഏപ്രിൽ	മേയ്	ജൂൺ	ജൂലൈ	ഓഗസ്റ്റ്	സെപ്റ്റംബർ	ഒക്‌ടോബർ	നവംബർ	ഡിസംബർ	ജനു	ഫെബ്രു	മാർ	ഏപ്രി	മേയ്	ജൂൺ	ജൂലൈ	ഓഗ	സെപ്റ്റം	ഒക്ടോ	നവം	ഡിസം	എഡി	എഡി	2049	GregorianCalendar	0
ml-IN	=	ml
mn	ү.ө.	ү.х.	.	:	yyyy.MM.dd	yyyy 'оны' MMMM'ын' d, dddd 'гараг'	HH:mm	HH:mm:ss	yyyy 'оны' MMMM'ын' d, dddd 'гараг' HH:mm:ss	MMMM'ын' d	yyyy 'оны' MMMM	Ням	Даваа	Мягмар	Лхагва	Пүрэв	Баасан	Бямба	Ня	Да	Мя	Лх	Пү	Ба	Бя	Нэгдүгээр сар	Хоёрдугаар сар	Гуравдугаар сар	Дөрөвдүгээр сар	Тавдугаар сар	Зургаадугаар сар	Долоодугаар сар	Наймдугаар сар	Есдүгээр сар	Аравдугаар сар	Арван нэгдүгээр сар	Арван хоёрдугаар сар	1-р сар	2-р сар	3-р сар	4-р сар	5-р сар	6-р сар	7-р сар	8-р сар	9-р сар	10-р сар	11-р сар	12-р сар	нэгдүгээр сар	хоёрдугаар сар	гуравдугаар сар	дөрөвдүгээр сар	тавдугаар сар	зургаадугаар сар	долоодугаар сар	наймдугаар сар	есдүгээр сар	аравдугаар сар	арван нэгдүгээр сар	арван хоёрдугаар сар	1-р сар	2-р сар	3-р сар	4-р сар	5-р сар	6-р сар	7-р сар	8-р сар	9-р сар	10-р сар	11-р сар	12-р сар	МЭ	МЭ	2049	GregorianCalendar	37
mn-MN	=	mn
mni	এ এম	পি এম	/	:	d/M/yyyy	MMMM d, yyyy, dddd	h:mm tt	h:mm:ss tt	MMMM d, yyyy, dddd h:mm:ss tt	MMMM d	MMMM yyyy	নোংমাইজিং	নিংথৌকাবা	লৈবাকপোকপা	য়ুমশকৈশা	শগোলশেন	ইরাই	থাংজ	নোংমাইজিং	নিংথৌকাবা	লৈবাকপোকপা	য়ুমশকৈশা	শগোলশেন	ইরাই	থাংজ	জানুৱারি	ফেব্রুৱারি	মার্চ	এপ্রিল	মে	জুন	জুলাই	ওগষ্ট	সেপ্টেম্বর	ওক্টোবর	নবেম্বর	ডিসেম্বর	জানু	ফেব্রু	মার	এপ্রি	মে	জুন	জুলা	আগ	সেপ্ট	ওক্টো	নভে	ডিসে	জনুৱারী	ফেব্রুৱারি	মার্চ	এপ্রিল	মে	জুন	জুলাই	‌ওগষ্ট	সেপ্টেম্বর	ওক্টোবর	নভেম্বর	ডিসেম্বর	জন	ফেব্রুৱারি	মার্চ	এপ্রিল	মে	জুন	জুলাই	ওগ	সেপ্টেম্বর	ওক্টোবর	নভেম্বর	ডিসেম্বর	খৃ: মতুং	খৃ: মতুং	2049	GregorianCalendar	1
mni-Beng	=	mni
mni-Beng-IN	=	mni
mr	AM	PM	/	:	d/M/yyyy	dddd, d MMMM, yyyy	h:mm tt	h:mm:ss tt	dddd, d MMMM, yyyy h:mm:ss tt	d MMMM	MMMM yyyy	रविवार	सोमवार	मंगळवार	बुधवार	गुरुवार	शुक्रवार	शनिवार	रवि	सोम	मंगळ	बुध	गुरु	शुक्र	शनि	जानेवारी	फेब्रुवारी	मार्च	एप्रिल	मे	जून	जुलै	ऑगस्ट	सप्टेंबर	ऑक्टोबर	नोव्हेंबर	डिसेंबर	जाने	फेब्रु	मार्च	एप्रि	मे	जून	जुलै	ऑग	सप्टें	ऑक्टो	नोव्हें	डिसें	जानेवारी	फेब्रुवारी	मार्च	एप्रिल	मे	जून	जुलै	ऑगस्ट	सप्टेंबर	ऑक्टोबर	नोव्हेंबर	डिसेंबर	जाने	फेब्रु	मार्च	एप्रि	मे	जून	जुलै	ऑग	सप्टें	ऑक्टो	नोव्हें	डिसें	इ. स.	इ. स.	2049	GregorianCalendar	0
mr-IN	=	mr
ms	PG	PTG	/	:	d/MM/yyyy	dddd, d MMMM yyyy	h:mm tt	h:mm:ss tt	dddd, d MMMM yyyy h:mm:ss tt	d MMMM	MMMM yyyy	Ahad	Isnin	Selasa	Rabu	Khamis	Jumaat	Sabtu	Ahd	Isn	Sel	Rab	Kha	Jum	Sab	Januari	Februari	Mac	April	Mei	Jun	Julai	Ogos	September	Oktober	November	Disember	Jan	Feb	Mac	Apr	Mei	Jun	Jul	Ogo	Sep	Okt	Nov	Dis	Januari	Februari	Mac	April	Mei	Jun	Julai	Ogos	September	Oktober	November	Disember	Jan	Feb	Mac	Apr	Mei	Jun	Jul	Ogo	Sep	Okt	Nov	Dis	TM	TM	2049	GregorianCalendar	0
ms-BN	PG	PTG	/	:	d/MM/yyyy	dd MMMM yyyy	h:mm tt	h:mm:ss tt	dd MMMM yyyy h:mm:ss tt	d MMMM	MMMM yyyy	Ahad	Isnin	Selasa	Rabu	Khamis	Jumaat	Sabtu	Ahd	Isn	Sel	Rab	Kha	Jum	Sab	Januari	Februari	Mac	April	Mei	Jun	Julai	Ogos	September	Oktober	November	Disember	Jan	Feb	Mac	Apr	Mei	Jun	Jul	Ogo	Sep	Okt	Nov	Dis	Januari	Februari	Mac	April	Mei	Jun	Julai	Ogos	September	Oktober	November	Disember	Jan	Feb	Mac	Apr	Mei	Jun	Jul	Ogo	Sep	Okt	Nov	Dis	TM	TM	2049	GregorianCalendar	0
ms-ID	PG	PTG	/	.	dd/MM/yyyy	dddd, dd MMMM yyyy	HH.mm	HH.mm.ss	dddd, dd MMMM yyyy HH.mm.ss	d MMMM	MMMM yyyy	Ahad	Isnin	Selasa	Rabu	Khamis	Jumaat	Sabtu	Ahd	Isn	Sel	Rab	Kha	Jum	Sab	Januari	Februari	Mac	April	Mei	Jun	Julai	Ogos	September	Oktober	November	Disember	Jan	Feb	Mac	Apr	Mei	Jun	Jul	Ogo	Sep	Okt	Nov	Dis	Januari	Februari	Mac	April	Mei	Jun	Julai	Ogos	September	Oktober	November	Disember	Jan	Feb	Mac	Apr	Mei	Jun	Jul	Ogo	Sep	Okt	Nov	Dis	TM	TM	2049	GregorianCalendar	0
ms-MY	=	ms
ms-SG	=	ms
mt	AM	PM	/	:	dd/MM/yyyy	dddd, d 'ta'’ MMMM yyyy	HH:mm	HH:mm:ss	dddd, d 'ta'’ MMMM yyyy HH:mm:ss	d 'ta'’ MMMM	MMMM yyyy	Il-Ħadd	It-Tnejn	It-Tlieta	L-Erbgħa	Il-Ħamis	Il-Ġimgħa	Is-Sibt	Ħad	Tne	Tli	Erb	Ħam	Ġim	Sib	Jannar	Frar	Marzu	April	Mejju	Ġunju	Lulju	Awwissu	Settembru	Ottubru	Novembru	Diċembru	Jan	Fra	Mar	Apr	Mej	Ġun	Lul	Aww	Set	Ott	Nov	Diċ	Jannar	Frar	Marzu	April	Mejju	Ġunju	Lulju	Awwissu	Settembru	Ottubru	Novembru	Diċembru	Jan	Fra	Mar	Apr	Mej	Ġun	Lul	Aww	Set	Ott	Nov	Diċ	WK	WK	2049	GregorianCalendar	0
mt-MT	=	mt
mua	comme	lilli	/	:	d/M/yyyy	dddd d MMMM yyyy	HH:mm	HH:mm:ss	dddd d MMMM yyyy HH:mm:ss	MMMM d	yyyy MMMM	Com’yakke	Comlaaɗii	Comzyiiɗii	Comkolle	Comkaldǝɓlii	Comgaisuu	Comzyeɓsuu	Cya	Cla	Czi	Cko	Cka	Cga	Cze	Fĩi Loo	Cokcwaklaŋne	Cokcwaklii	Fĩi Marfoo	Madǝǝuutǝbijaŋ	Mamǝŋgwãafahbii	Mamǝŋgwãalii	Madǝmbii	Fĩi Dǝɓlii	Fĩi Mundaŋ	Fĩi Gwahlle	Fĩi Yuru	FLO	CLA	CKI	FMF	MAD	MBI	MLI	MAM	FDE	FMU	FGW	FYU	Fĩi Loo	Cokcwaklaŋne	Cokcwaklii	Fĩi Marfoo	Madǝǝuutǝbijaŋ	Mamǝŋgwãafahbii	Mamǝŋgwãalii	Madǝmbii	Fĩi Dǝɓlii	Fĩi Mundaŋ	Fĩi Gwahlle	Fĩi Yuru	FLO	CLA	CKI	FMF	MAD	MBI	MLI	MAM	FDE	FMU	FGW	FYU	PK	PK	2049	GregorianCalendar	4
mua-CM	=	mua
my	နံနက်	ညနေ	/	:	d/M/yyyy	yyyy MMMM d dddd	H:mm	H:mm:ss	yyyy MMMM d dddd H:mm:ss	MMMM d	yyyy MMMM	တနင်္ဂနွေ	တနင်္လာ	အင်္ဂါ	ဗုဒ္ဓဟူး	ကြာသပတေး	သောကြာ	စနေ	တနင်္ဂနွေ	တနင်္လာ	အင်္ဂါ	ဗုဒ္ဓဟူး	ကြာသပတေး	သောကြာ	စနေ	ဇန်နဝါရီ	ဖေဖော်ဝါရီ	မတ်	ဧပြီ	မေ	ဇွန်	ဇူလိုင်	ဩဂုတ်	စက်တင်ဘာ	အောက်တိုဘာ	နိုဝင်ဘာ	ဒီဇင်ဘာ	ဇန်	ဖေ	မတ်	ဧ	မေ	ဇွန်	ဇူ	ဩ	စက်	အောက်	နို	ဒီ	ဇန်နဝါရီ	ဖေဖော်ဝါရီ	မတ်	ဧပြီ	မေ	ဇွန်	ဇူလိုင်	ဩဂုတ်	စက်တင်ဘာ	အောက်တိုဘာ	နိုဝင်ဘာ	ဒီဇင်ဘာ	ဇန်	ဖေ	မတ်	ဧ	မေ	ဇွန်	ဇူ	ဩ	စက်	အောက်	နို	ဒီ	အဒေီ	အဒေီ	2049	GregorianCalendar	0
my-MM	=	my
mzn	=	lrc
mzn-IR	=	lrc
naq	ǁgoagas	ǃuias	/	:	dd/MM/yyyy	dddd, d MMMM yyyy	h:mm tt	h:mm:ss tt	dddd, d MMMM yyyy h:mm:ss tt	MMMM d	MMMM yyyy	Sontaxtsees	Mantaxtsees	Denstaxtsees	Wunstaxtsees	Dondertaxtsees	Fraitaxtsees	Satertaxtsees	Son	Ma	De	Wu	Do	Fr	Sat	ǃKhanni	ǃKhanǀgôab	ǀKhuuǁkhâb	ǃHôaǂkhaib	ǃKhaitsâb	Gamaǀaeb	ǂKhoesaob	Aoǁkhuumûǁkhâb	Taraǀkhuumûǁkhâb	ǂNûǁnâiseb	ǀHooǂgaeb	Hôasoreǁkhâb	Jan	Feb	Mar	Apr	May	Jun	Jul	Aug	Sep	Oct	Nov	Dec	ǃKhanni	ǃKhanǀgôab	ǀKhuuǁkhâb	ǃHôaǂkhaib	ǃKhaitsâb	Gamaǀaeb	ǂKhoesaob	Aoǁkhuumûǁkhâb	Taraǀkhuumûǁkhâb	ǂNûǁnâiseb	ǀHooǂgaeb	Hôasoreǁkhâb	Jan	Feb	Mar	Apr	May	Jun	Jul	Aug	Sep	Oct	Nov	Dec	AD	AD	2049	GregorianCalendar	0
naq-NA	=	naq
nb	a.m.	p.m.	.	:	dd.MM.yyyy	dddd d. MMMM yyyy	HH:mm	HH:mm:ss	dddd d. MMMM yyyy HH:mm:ss	d. MMMM	MMMM yyyy	søndag	mandag	tirsdag	onsdag	torsdag	fredag	lørdag	søn.	man.	tir.	ons.	tor.	fre.	lør.	januar	februar	mars	april	mai	juni	juli	august	september	oktober	november	desember	jan	feb	mar	apr	mai	jun	jul	aug	sep	okt	nov	des	januar	februar	mars	april	mai	juni	juli	august	september	oktober	november	desember	jan.	feb.	mars	apr.	mai	juni	juli	aug.	sep.	okt.	nov.	des.	e.Kr.	e.Kr.	2049	GregorianCalendar	1
nb-NO	=	nb
nb-SJ	=	nb
nd	AM	PM	/	:	dd/MM/yyyy	dddd, d MMMM yyyy	HH:mm	HH:mm:ss	dddd, d MMMM yyyy HH:mm:ss	MMMM d	MMMM yyyy	Sonto	Mvulo	Sibili	Sithathu	Sine	Sihlanu	Mgqibelo	Son	Mvu	Sib	Sit	Sin	Sih	Mgq	Zibandlela	Nhlolanja	Mbimbitho	Mabasa	Nkwenkwezi	Nhlangula	Ntulikazi	Ncwabakazi	Mpandula	Mfumfu	Lwezi	Mpalakazi	Zib	Nhlo	Mbi	Mab	Nkw	Nhla	Ntu	Ncw	Mpan	Mfu	Lwe	Mpal	Zibandlela	Nhlolanja	Mbimbitho	Mabasa	Nkwenkwezi	Nhlangula	Ntulikazi	Ncwabakazi	Mpandula	Mfumfu	Lwezi	Mpalakazi	Zib	Nhlo	Mbi	Mab	Nkw	Nhla	Ntu	Ncw	Mpan	Mfu	Lwe	Mpal	AD	AD	2049	GregorianCalendar	0
nd-ZW	=	nd
nds	AM	PM	-	:	yyyy-MM-dd	yyyy MMMM d, dddd	HH:mm	HH:mm:ss	yyyy MMMM d, dddd HH:mm:ss	MMMM d	yyyy MMMM	Sünndag	Maandag	Dingsdag	Middeweken	Dunnersdag	Freedag	Sünnavend	Sünndag	Maandag	Dingsdag	Middeweken	Dunnersdag	Freedag	Sünnavend	Januaar	Februaar	März	April	Mai	Juni	Juli	August	September	Oktover	November	Dezember	Januaar	Februaar	März	April	Mai	Juni	Juli	August	September	Oktover	November	Dezember	Januaar	Februaar	März	April	Mai	Juni	Juli	August	September	Oktover	November	Dezember	Januaar	Februaar	März	April	Mai	Juni	Juli	August	September	Oktover	November	Dezember	CE	CE	2049	GregorianCalendar	0
nds-DE	=	nds
nds-NL	=	nds
ne	पूर्वाह्न	अपराह्न	/	:	yyyy/M/d	yyyy MMMM d, dddd	HH:mm	HH:mm:ss	yyyy MMMM d, dddd HH:mm:ss	MMMM d	yyyy MMMM	आइतबार	सोमबार	मङ्गलबार	बुधबार	बिहिबार	शुक्रबार	शनिबार	आइत	सोम	मङ्गल	बुध	बिहि	शुक्र	शनि	जनवरी	फेब्रुअरी	मार्च	अप्रिल	मे	जुन	जुलाई	अगस्ट	सेप्टेम्बर	अक्टोबर	नोभेम्बर	डिसेम्बर	जनवरी	फेब्रुअरी	मार्च	अप्रिल	मे	जुन	जुलाई	अगस्ट	सेप्टेम्बर	अक्टोबर	नोभेम्बर	डिसेम्बर	जनवरी	फेब्रुअरी	मार्च	अप्रिल	मे	जुन	जुलाई	अगस्ट	सेप्टेम्बर	अक्टोबर	नोभेम्बर	डिसेम्बर	जनवरी	फेब्रुअरी	मार्च	अप्रिल	मे	जुन	जुलाई	अगस्ट	सेप्टेम्बर	अक्टोबर	नोभेम्बर	डिसेम्बर	सन्	सन्	2049	GregorianCalendar	0
ne-IN	पूर्वाह्न	अपराह्न	/	:	yyyy/M/d	yyyy MMMM d, dddd	h:mm tt	h:mm:ss tt	yyyy MMMM d, dddd h:mm:ss tt	MMMM d	yyyy MMMM	आइतबार	सोमबार	मङ्गलबार	बुधबार	बिहिबार	शुक्रबार	शनिबार	आइत	सोम	मङ्गल	बुध	बिहि	शुक्र	शनि	जनवरी	फेब्रुअरी	मार्च	अप्रिल	मे	जुन	जुलाई	अगस्ट	सेप्टेम्बर	अक्टोबर	नोभेम्बर	डिसेम्बर	जनवरी	फेब्रुअरी	मार्च	अप्रिल	मे	जुन	जुलाई	अगस्ट	सेप्टेम्बर	अक्टोबर	नोभेम्बर	डिसेम्बर	जनवरी	फेब्रुअरी	मार्च	अप्रिल	मे	जुन	जुलाई	अगस्ट	सेप्टेम्बर	अक्टोबर	नोभेम्बर	डिसेम्बर	जनवरी	फेब्रुअरी	मार्च	अप्रिल	मे	जुन	जुलाई	अगस्ट	सेप्टेम्बर	अक्टोबर	नोभेम्बर	डिसेम्बर	सन्	सन्	2049	GregorianCalendar	0
ne-NP	=	ne
nl	a.m.	p.m.	-	:	dd-MM-yyyy	dddd d MMMM yyyy	HH:mm	HH:mm:ss	dddd d MMMM yyyy HH:mm:ss	d MMMM	MMMM yyyy	zondag	maandag	dinsdag	woensdag	donderdag	vrijdag	zaterdag	zo	ma	di	wo	do	vr	za	januari	februari	maart	april	mei	juni	juli	augustus	september	oktober	november	december	jan	feb	mrt	apr	mei	jun	jul	aug	sep	okt	nov	dec	januari	februari	maart	april	mei	juni	juli	augustus	september	oktober	november	december	jan	feb	mrt	apr	mei	jun	jul	aug	sep	okt	nov	dec	n.Chr.	n.C.	2049	GregorianCalendar	0
nl-AW	=	nl
nl-BE	a.m.	p.m.	/	:	d/MM/yyyy	dddd d MMMM yyyy	HH:mm	HH:mm:ss	dddd d MMMM yyyy HH:mm:ss	d MMMM	MMMM yyyy	zondag	maandag	dinsdag	woensdag	donderdag	vrijdag	zaterdag	zo	ma	di	wo	do	vr	za	januari	februari	maart	april	mei	juni	juli	augustus	september	oktober	november	december	jan	feb	mrt	apr	mei	jun	jul	aug	sep	okt	nov	dec	januari	februari	maart	april	mei	juni	juli	augustus	september	oktober	november	december	jan	feb	mrt	apr	mei	jun	jul	aug	sep	okt	nov	dec	n.Chr.	n.Chr.	2049	GregorianCalendar	0
nl-BQ	=	nl
nl-CW	=	nl
nl-NL	=	nl
nl-SR	=	nl
nl-SX	=	nl
nmg	maná	kugú	/	:	d/M/yyyy	dddd d MMMM yyyy	HH:mm	HH:mm:ss	dddd d MMMM yyyy HH:mm:ss	MMMM d	yyyy MMMM	sɔ́ndɔ	mɔ́ndɔ	sɔ́ndɔ mafú mába	sɔ́ndɔ mafú málal	sɔ́ndɔ mafú mána	mabágá má sukul	sásadi	sɔ́n	mɔ́n	smb	sml	smn	mbs	sas	ngwɛn matáhra	ngwɛn ńmba	ngwɛn ńlal	ngwɛn ńna	ngwɛn ńtan	ngwɛn ńtuó	ngwɛn hɛmbuɛrí	ngwɛn lɔmbi	ngwɛn rɛbvuâ	ngwɛn wum	ngwɛn wum navǔr	krísimin	ng1	ng2	ng3	ng4	ng5	ng6	ng7	ng8	ng9	ng10	ng11	kris	ngwɛn matáhra	ngwɛn ńmba	ngwɛn ńlal	ngwɛn ńna	ngwɛn ńtan	ngwɛn ńtuó	ngwɛn hɛmbuɛrí	ngwɛn lɔmbi	ngwɛn rɛbvuâ	ngwɛn wum	ngwɛn wum navǔr	krísimin	ng1	ng2	ng3	ng4	ng5	ng6	ng7	ng8	ng9	ng10	ng11	kris	PB	PB	2049	GregorianCalendar	20
nmg-CM	=	nmg
nn	f.m.	e.m.	.	:	dd.MM.yyyy	dddd d. MMMM yyyy	HH:mm	HH:mm:ss	dddd d. MMMM yyyy HH:mm:ss	d. MMMM	MMMM yyyy	søndag	måndag	tysdag	onsdag	torsdag	fredag	laurdag	søn	mån	tys	ons	tor	fre	lau	januar	februar	mars	april	mai	juni	juli	august	september	oktober	november	desember	jan	feb	mar	apr	mai	jun	jul	aug	sep	okt	nov	des	januar	februar	mars	april	mai	juni	juli	august	september	oktober	november	desember	jan.	feb.	mars	apr.	mai	juni	juli	aug.	sep.	okt.	nov.	des.	e.Kr.	e.Kr.	2049	GregorianCalendar	1
nn-NO	=	nn
nnh	mbaʼámbaʼ	ncwònzém	/	:	dd/MM/yyyy	dddd , 'lyɛ'̌ʼ d 'na' MMMM, yyyy	HH:mm	HH:mm:ss	dddd , 'lyɛ'̌ʼ d 'na' MMMM, yyyy HH:mm:ss	MMMM d	yyyy MMMM	lyɛʼɛ́ sẅíŋtè	mvfò lyɛ̌ʼ	mbɔ́ɔntè mvfò lyɛ̌ʼ	tsètsɛ̀ɛ lyɛ̌ʼ	mbɔ́ɔntè tsetsɛ̀ɛ lyɛ̌ʼ	mvfò màga lyɛ̌ʼ	màga lyɛ̌ʼ	lyɛʼɛ́ sẅíŋtè	mvfò lyɛ̌ʼ	mbɔ́ɔntè mvfò lyɛ̌ʼ	tsètsɛ̀ɛ lyɛ̌ʼ	mbɔ́ɔntè tsetsɛ̀ɛ lyɛ̌ʼ	mvfò màga lyɛ̌ʼ	màga lyɛ̌ʼ	saŋ tsetsɛ̀ɛ lùm	saŋ kàg ngwóŋ	saŋ lepyè shúm	saŋ cÿó	saŋ tsɛ̀ɛ cÿó	saŋ njÿoláʼ	saŋ tyɛ̀b tyɛ̀b mbʉ̀ŋ	saŋ mbʉ̀ŋ	saŋ ngwɔ̀ʼ mbÿɛ	saŋ tàŋa tsetsáʼ	saŋ mejwoŋó	saŋ lùm	saŋ tsetsɛ̀ɛ lùm	saŋ kàg ngwóŋ	saŋ lepyè shúm	saŋ cÿó	saŋ tsɛ̀ɛ cÿó	saŋ njÿoláʼ	saŋ tyɛ̀b tyɛ̀b mbʉ̀ŋ	saŋ mbʉ̀ŋ	saŋ ngwɔ̀ʼ mbÿɛ	saŋ tàŋa tsetsáʼ	saŋ mejwoŋó	saŋ lùm	saŋ tsetsɛ̀ɛ lùm	saŋ kàg ngwóŋ	saŋ lepyè shúm	saŋ cÿó	saŋ tsɛ̀ɛ cÿó	saŋ njÿoláʼ	saŋ tyɛ̀b tyɛ̀b mbʉ̀ŋ	saŋ mbʉ̀ŋ	saŋ ngwɔ̀ʼ mbÿɛ	saŋ tàŋa tsetsáʼ	saŋ mejwoŋó	saŋ lùm	saŋ tsetsɛ̀ɛ lùm	saŋ kàg ngwóŋ	saŋ lepyè shúm	saŋ cÿó	saŋ tsɛ̀ɛ cÿó	saŋ njÿoláʼ	saŋ tyɛ̀b tyɛ̀b mbʉ̀ŋ	saŋ mbʉ̀ŋ	saŋ ngwɔ̀ʼ mbÿɛ	saŋ tàŋa tsetsáʼ	saŋ mejwoŋó	saŋ lùm	m.g.n.Y.	m.g.n.Y.	2049	GregorianCalendar	20
nnh-CM	=	nnh
no	=	nb
nqo	ߛ	ߥ	-	:	yyyy-MM-dd	yyyy MMMM d, dddd	HH:mm	HH:mm:ss	yyyy MMMM d, dddd HH:mm:ss	MMMM d	yyyy MMMM	ߞߊ߯ߙߌߟߏ߲	ߞߐ߬ߓߊ߬ߟߏ߲	ߞߐ߬ߟߏ߲	ߞߎߣߎ߲ߟߏ߲	ߓߌߟߏ߲	ߛߌ߬ߣߌ߲߬ߟߏ߲	ߞߍ߲ߘߍߟߏ߲	ߞߊ߯ߙ	ߞߐ߬ߓ	ߞߐ߬ߟ	ߞߎߣ	ߓߌߟ	ߛߌ߬ߣ	ߞߍ߲ߘ	ߓߌ߲ߠߊߥߎߟߋ߲	ߞߏ߲ߞߏߜߍ	ߕߙߊߓߊ	ߞߏ߲ߞߏߘߌ߬ߓߌ	ߘߓߊ߬ߕߊ	ߥߊ߬ߛߌ߬ߥߙߊ	ߞߊ߬ߙߌߝߐ߭	ߘߓߊ߬ߓߌߟߊ	ߕߎߟߊߝߌ߲	ߞߏ߲ߓߌߕߌ߮	ߣߍߣߍߓߊ	ߞߏߟߌ߲ߞߏߟߌ߲	ߓߌ߲ߠ	ߞߏ߲ߞ	ߕߙߊ	ߞߏ߲ߘ	ߘߓߊ߬ߕ	ߥߊ߬ߛ	ߞߊ߬ߙ	ߘߓߊ߬ߓ	ߕߎߟߊߝߌ߲	ߞߏ߲ߓ	ߣߍߣ	ߞߏߟ	ߓߌ߲ߠߊߥߎߟߋ߲	ߞߏ߲ߞߏߜߍ	ߕߙߊߓߊ	ߞߏ߲ߞߏߘߌ߬ߓߌ	ߘߓߊ߬ߕߊ	ߥߊ߬ߛߌ߬ߥߙߊ	ߞߊ߬ߙߌߝߐ߭	ߘߓߊ߬ߓߌߟߊ	ߕߎߟߊߝߌ߲	ߞߏ߲ߓߌߕߌ߮	ߣߍߣߍߓߊ	ߞߏߟߌ߲ߞߏߟߌ߲	ߓߌ߲ߠ	ߞߏ߲ߞ	ߕߙߊ	ߞߏ߲ߘ	ߘߓߊ߬ߕ	ߥߊ߬ߛ	ߞߊ߬ߙ	ߘߓߊ߬ߓ	ߕߎߟߊߝߌ߲	ߞߏ߲ߓ	ߣߍߣ	ߞߏߟ	ߌߛ. ߡ. ߞߐ߫	ߌߛ. ߞߐ߫	2049	GregorianCalendar	0
nqo-GN	=	nqo
nso	AM	PM	-	:	yyyy-MM-dd	yyyy MMMM d, dddd	HH:mm	HH:mm:ss	yyyy MMMM d, dddd HH:mm:ss	MMMM d	yyyy MMMM	Lamorena	Mošupologo	Labobedi	Laboraro	Labone	Labohlano	Mokibelo	Lam	Mos	Bed	Rar	Ne	Hla	Mok	Janeware	Febereware	Matšhe	Aporele	Mei	June	Julae	Agosetose	Setemere	Oktobore	Nofemere	Disemere	Phere	Dibo	Hlak	Mora	Mei	June	Mose	Agosetose	Lewe	Dipha	Diba	Manth	Janeware	Febereware	Matšhe	Aporele	Mei	June	Julae	Agosetose	Setemere	Oktobore	Nofemere	Disemere	Phere	Dibo	Hlak	Mora	Mei	June	Mose	Agosetose	Lewe	Dipha	Diba	Manth	AD	AD	2049	GregorianCalendar	0
nso-ZA	=	nso
nus	RW	TŊ	/	:	d/MM/yyyy	dddd d MMMM yyyy	h:mm tt	h:mm:ss tt	dddd d MMMM yyyy h:mm:ss tt	MMMM d	yyyy MMMM	Cäŋ kuɔth	Jiec la̱t	Rɛw lätni	Diɔ̱k lätni	Ŋuaan lätni	Dhieec lätni	Bäkɛl lätni	Cäŋ	Jiec	Rɛw	Diɔ̱k	Ŋuaan	Dhieec	Bäkɛl	Tiop thar pɛt	Pɛt	Duɔ̱ɔ̱ŋ	Guak	Duät	Kornyoot	Pay yie̱tni	Tho̱o̱r	Tɛɛr	Laath	Kur	Tio̱p in di̱i̱t	Tiop	Pɛt	Duɔ̱ɔ̱	Guak	Duä	Kor	Pay	Thoo	Tɛɛ	Laa	Kur	Tid	Tiop thar pɛt	Pɛt	Duɔ̱ɔ̱ŋ	Guak	Duät	Kornyoot	Pay yie̱tni	Tho̱o̱r	Tɛɛr	Laath	Kur	Tio̱p in di̱i̱t	Tiop	Pɛt	Duɔ̱ɔ̱	Guak	Duä	Kor	Pay	Thoo	Tɛɛ	Laa	Kur	Tid	ƐY	ƐY	2049	GregorianCalendar	20
nus-SS	=	nus
nyn	=	cgg
nyn-UG	=	cgg
oc	AM	PM	-	:	yyyy-MM-dd	yyyy MMMM d, dddd	HH:mm	HH:mm:ss	yyyy MMMM d, dddd HH:mm:ss	MMMM d	yyyy MMMM	dimenge	diluns	dimars	dimècres	dijòus	divendres	dissabte	dimenge	diluns	dimars	dimècres	dijòus	divendres	dissabte	de genièr	de febrièr	de març	d’abril	de mai	de junh	de julhet	d’agost	de setembre	d’octòbre	de novembre	de decembre	de genièr	de febrièr	de març	d’abril	de mai	de junh	de julhet	d’agost	de setembre	d’octòbre	de novembre	de decembre	de genièr	de febrièr	de març	d’abril	de mai	de junh	de julhet	d’agost	de setembre	d’octòbre	de novembre	de decembre	de genièr	de febrièr	de març	d’abril	de mai	de junh	de julhet	d’agost	de setembre	d’octòbre	de novembre	de decembre	CE	CE	2049	GregorianCalendar	4
oc-ES	AM	PM	-	:	yyyy-MM-dd	yyyy MMMM d, dddd	HH:mm	HH:mm:ss	yyyy MMMM d, dddd HH:mm:ss	MMMM d	yyyy MMMM	dimenge	diluns	dimars	dimècres	dijòus	divendres	dissabte	dimenge	diluns	dimars	dimècres	dijòus	divendres	dissabte	de genièr	de febrièr	de març	d’abril	de mai	de junh	de julhet	d’agost	de setembre	d’octòbre	de novembre	de decembre	de genièr	de febrièr	de març	d’abril	de mai	de junh	de julhet	d’agost	de setembre	d’octòbre	de novembre	de decembre	de genièr	de febrièr	de març	d’abril	de mai	de junh	de julhet	d’agost	de setembre	d’octòbre	de novembre	de decembre	de genièr	de febrièr	de març	d’abril	de mai	de junh	de julhet	d’agost	de setembre	d’octòbre	de novembre	de decembre	CE	d. C.	2049	GregorianCalendar	4
oc-FR	=	oc
om	WD	WB	/	:	M/d/yyyy	dddd, MMMM d, yyyy	h:mm tt	h:mm:ss tt	dddd, MMMM d, yyyy h:mm:ss tt	MMMM d	MMMM yyyy	Dilbata	Wiixata	Kibxata	Roobii	Kamisa	Jimaata	Sanbata	Dil	Wix	Kib	Rob	Kam	Jim	San	Amajjii	Guraandhala	Bitootessa	Eebila	Caamsaa	Waxabajjii	Adoolessa	Hagayya	Fulbaana	Onkoloolessa	Sadaasa	Mudde	Ama	Gur	Bitootessa	Elb	Cam	Wax	Ado	Hag	Ful	Onk	Sadaasa	Mud	Amajjii	Guraandhala	Bitootessa	Eebila	Caamsaa	Waxabajjii	Adoolessa	Hagayya	Fulbaana	Onkoloolessa	Sadaasa	Mudde	Ama	Gur	Bitootessa	Elb	Cam	Wax	Ado	Hag	Ful	Onk	Sadaasa	Mud	BA	B	2049	GregorianCalendar	0
om-ET	=	om
om-KE	WD	WB	/	:	M/d/yyyy	dddd, MMMM d, yyyy	HH:mm	HH:mm:ss	dddd, MMMM d, yyyy HH:mm:ss	MMMM d	MMMM yyyy	Dilbata	Wiixata	Kibxata	Roobii	Kamisa	Jimaata	Sanbata	Dil	Wix	Kib	Rob	Kam	Jim	San	Amajjii	Guraandhala	Bitootessa	Eebila	Caamsaa	Waxabajjii	Adoolessa	Hagayya	Fulbaana	Onkoloolessa	Sadaasa	Mudde	Ama	Gur	Bitootessa	Elb	Cam	Wax	Ado	Hag	Ful	Onk	Sadaasa	Mud	Amajjii	Guraandhala	Bitootessa	Eebila	Caamsaa	Waxabajjii	Adoolessa	Hagayya	Fulbaana	Onkoloolessa	Sadaasa	Mudde	Ama	Gur	Bitootessa	Elb	Cam	Wax	Ado	Hag	Ful	Onk	Sadaasa	Mud	BA	BA	2049	GregorianCalendar	0
or	AM	PM	/	:	M/d/yyyy	dddd, MMMM d, yyyy	h:mm tt	h:mm:ss tt	dddd, MMMM d, yyyy h:mm:ss tt	MMMM d	MMMM yyyy	ରବିବାର	ସୋମବାର	ମଙ୍ଗଳବାର	ବୁଧବାର	ଗୁରୁବାର	ଶୁକ୍ରବାର	ଶନିବାର	ରବି	ସୋମ	ମଙ୍ଗଳ	ବୁଧ	ଗୁରୁ	ଶୁକ୍ର	ଶନି	ଜାନୁଆରୀ	ଫେବୃଆରୀ	ମାର୍ଚ୍ଚ	ଅପ୍ରେଲ	ମଇ	ଜୁନ	ଜୁଲାଇ	ଅଗଷ୍ଟ	ସେପ୍ଟେମ୍ବର	ଅକ୍ଟୋବର	ନଭେମ୍ବର	ଡିସେମ୍ବର	ଜାନୁଆରୀ	ଫେବୃଆରୀ	ମାର୍ଚ୍ଚ	ଅପ୍ରେଲ	ମଇ	ଜୁନ	ଜୁଲାଇ	ଅଗଷ୍ଟ	ସେପ୍ଟେମ୍ବର	ଅକ୍ଟୋବର	ନଭେମ୍ବର	ଡିସେମ୍ବର	ଜାନୁଆରୀ	ଫେବୃଆରୀ	ମାର୍ଚ୍ଚ	ଅପ୍ରେଲ	ମଇ	ଜୁନ	ଜୁଲାଇ	ଅଗଷ୍ଟ	ସେପ୍ଟେମ୍ବର	ଅକ୍ଟୋବର	ନଭେମ୍ବର	ଡିସେମ୍ବର	ଜାନୁଆରୀ	ଫେବୃଆରୀ	ମାର୍ଚ୍ଚ	ଅପ୍ରେଲ	ମଇ	ଜୁନ	ଜୁଲାଇ	ଅଗଷ୍ଟ	ସେପ୍ଟେମ୍ବର	ଅକ୍ଟୋବର	ନଭେମ୍ବର	ଡିସେମ୍ବର	AD	AD	2049	GregorianCalendar	0
or-IN	=	or
os	ӕмбисбоны размӕ	ӕмбисбоны фӕстӕ	.	:	dd.MM.yyyy	dddd, d MMMM, yyyy 'аз'	HH:mm	HH:mm:ss	dddd, d MMMM, yyyy 'аз' HH:mm:ss	MMMM d	yyyy MMMM	Хуыцаубон	Къуырисӕр	Дыццӕг	Ӕртыццӕг	Цыппӕрӕм	Майрӕмбон	Сабат	Хцб	Крс	Дцг	Ӕрт	Цпр	Мрб	Сбт	Январь	Февраль	Мартъи	Апрель	Май	Июнь	Июль	Август	Сентябрь	Октябрь	Ноябрь	Декабрь	Янв.	Февр.	Март.	Апр.	Май	Июнь	Июль	Авг.	Сент.	Окт.	Нояб.	Дек.	январы	февралы	мартъийы	апрелы	майы	июны	июлы	августы	сентябры	октябры	ноябры	декабры	янв.	фев.	мар.	апр.	майы	июны	июлы	авг.	сен.	окт.	ноя.	дек.	н.д.	н.д.	2049	GregorianCalendar	1
os-GE	=	os
os-RU	=	os
pa	ਪੂ.ਦੁ.	ਬਾ.ਦੁ.	/	:	d/M/yyyy	dddd, d MMMM yyyy	h:mm tt	h:mm:ss tt	dddd, d MMMM yyyy h:mm:ss tt	MMMM d	MMMM yyyy	ਐਤਵਾਰ	ਸੋਮਵਾਰ	ਮੰਗਲਵਾਰ	ਬੁੱਧਵਾਰ	ਵੀਰਵਾਰ	ਸ਼ੁੱਕਰਵਾਰ	ਸ਼ਨਿੱਚਰਵਾਰ	ਐਤ	ਸੋਮ	ਮੰਗਲ	ਬੁੱਧ	ਵੀਰ	ਸ਼ੁੱਕਰ	ਸ਼ਨਿੱਚਰ	ਜਨਵਰੀ	ਫ਼ਰਵਰੀ	ਮਾਰਚ	ਅਪ੍ਰੈਲ	ਮਈ	ਜੂਨ	ਜੁਲਾਈ	ਅਗਸਤ	ਸਤੰਬਰ	ਅਕਤੂਬਰ	ਨਵੰਬਰ	ਦਸੰਬਰ	ਜਨ	ਫ਼ਰ	ਮਾਰਚ	ਅਪ੍ਰੈ	ਮਈ	ਜੂਨ	ਜੁਲਾ	ਅਗ	ਸਤੰ	ਅਕਤੂ	ਨਵੰ	ਦਸੰ	ਜਨਵਰੀ	ਫ਼ਰਵਰੀ	ਮਾਰਚ	ਅਪ੍ਰੈਲ	ਮਈ	ਜੂਨ	ਜੁਲਾਈ	ਅਗਸਤ	ਸਤੰਬਰ	ਅਕਤੂਬਰ	ਨਵੰਬਰ	ਦਸੰਬਰ	ਜਨ	ਫ਼ਰ	ਮਾਰਚ	ਅਪ੍ਰੈ	ਮਈ	ਜੂਨ	ਜੁਲਾ	ਅਗ	ਸਤੰ	ਅਕਤੂ	ਨਵੰ	ਦਸੰ	ਸੰਨ	ਸੰਨ	2049	GregorianCalendar	0
pa-Arab	AM	PM	/	:	dd/MM/yyyy	dddd, dd MMMM yyyy	h:mm tt	h:mm:ss tt	dddd, dd MMMM yyyy h:mm:ss tt	MMMM d	yyyy MMMM	اتوار	پیر	منگل	بُدھ	جمعرات	جمعہ	ہفتہ	اتوار	پیر	منگل	بُدھ	جمعرات	جمعہ	ہفتہ	جنوری	فروری	مارچ	اپریل	مئ	جون	جولائی	اگست	ستمبر	اکتوبر	نومبر	دسمبر	جنوری	فروری	مارچ	اپریل	مئ	جون	جولائی	اگست	ستمبر	اکتوبر	نومبر	دسمبر	جنوری	فروری	مارچ	اپریل	مئ	جون	جولائی	اگست	ستمبر	اکتوبر	نومبر	دسمبر	جنوری	فروری	مارچ	اپریل	مئ	جون	جولائی	اگست	ستمبر	اکتوبر	نومبر	دسمبر	سں	سں	2049	GregorianCalendar	0
pa-Arab-PK	=	pa-Arab
pa-Guru	=	pa
pa-Guru-IN	=	pa
pcm	Fọ mọ́nin	Fọ ívnin	/	:	dd/MM/yyyy	dddd, d MMMM yyyy	HH:mm	HH:mm:ss	dddd, d MMMM yyyy HH:mm:ss	d MMMM	MMMM yyyy	Sọ́ndè	Mọ́ndè	Tiúzdè	Wẹ́nẹ́zdè	Tọ́zdè	Fraídè	Sátọdè	Sọ́n	Mọ́n	Tiú	Wẹ́n	Tọ́z	Fraí	Sát	Jénúári	Fẹ́búári	Mach	Éprel	Mee	Jun	Julai	Ọgọst	Sẹptẹ́mba	Ọktóba	Nọvẹ́mba	Disẹ́mba	Jén	Fẹ́b	Mach	Épr	Mee	Jun	Jul	Ọ́gọ	Sẹp	Ọkt	Nọv	Dis	Jénúári	Fẹ́búári	Mach	Éprel	Mee	Jun	Julai	Ọgọst	Sẹptẹ́mba	Ọktóba	Nọvẹ́mba	Disẹ́mba	Jén	Fẹ́b	Mach	Épr	Mee	Jun	Jul	Ọgọ	Sẹp	Ọkt	Nọv	Dis	KIY	KIY	2049	GregorianCalendar	1
pcm-NG	=	pcm
pl	AM	PM	.	:	d.MM.yyyy	dddd, d MMMM yyyy	HH:mm	HH:mm:ss	dddd, d MMMM yyyy HH:mm:ss	d MMMM	MMMM yyyy	niedziela	poniedziałek	wtorek	środa	czwartek	piątek	sobota	niedz.	pon.	wt.	śr.	czw.	pt.	sob.	styczeń	luty	marzec	kwiecień	maj	czerwiec	lipiec	sierpień	wrzesień	październik	listopad	grudzień	sty	lut	mar	kwi	maj	cze	lip	sie	wrz	paź	lis	gru	stycznia	lutego	marca	kwietnia	maja	czerwca	lipca	sierpnia	września	października	listopada	grudnia	sty	lut	mar	kwi	maj	cze	lip	sie	wrz	paź	lis	gru	n.e.	n.e.	2049	GregorianCalendar	1
pl-PL	=	pl
prg	ankstāinan	pa pussideinan	-	:	yyyy-MM-dd	yyyy MMMM d, dddd	HH:mm	HH:mm:ss	yyyy MMMM d, dddd HH:mm:ss	MMMM d	yyyy MMMM	nadīli	panadīli	wisasīdis	pussisawaiti	ketwirtiks	pēntniks	sabattika	nadīli	panadīli	wisasīdis	pussisawaiti	ketwirtiks	pēntniks	sabattika	rags	wassarins	pūlis	sakkis	zallaws	sīmenis	līpa	daggis	sillins	spallins	lapkrūtis	sallaws	rags	wassarins	pūlis	sakkis	zallaws	sīmenis	līpa	daggis	sillins	spallins	lapkrūtis	sallaws	rags	wassarins	pūlis	sakkis	zallaws	sīmenis	līpa	daggis	sillins	spallins	lapkrūtis	sallaws	rags	wassarins	pūlis	sakkis	zallaws	sīmenis	līpa	daggis	sillins	spallins	lapkrūtis	sallaws	CE	CE	2049	GregorianCalendar	0
prg-PL	=	prg
ps	غ.م.	غ.و.	/	:	g yyyy/M/d	dddd د g yyyy د MMMM d	H:mm	H:mm:ss	dddd د g yyyy د MMMM d H:mm:ss	d MMMM	د g yyyy د MMMM	يونۍ	دونۍ	درېنۍ	څلرنۍ	پينځنۍ	جمعه	اونۍ	يونۍ	دونۍ	درېنۍ	څلرنۍ	پينځنۍ	جمعه	اونۍ	وری	غویی	غبرگولی	چنگاښ	زمری	وږی	تله	لړم	لیندۍ	مرغومی	سلواغه	کب	وری	غویی	غبرگولی	چنگاښ	زمری	وږی	تله	لړم	لیندۍ	مرغومی	سلواغه	کب	وری	غویی	غبرگولی	چنگاښ	زمری	وږی	تله	لړم	لیندۍ	مرغومی	سلواغه	کب	وری	غویی	غبرگولی	چنگاښ	زمری	وږی	تله	لړم	لیندۍ	مرغومی	سلواغه	کب	AP	AP	1410	PersianCalendar	0
ps-AF	=	ps
ps-PK	غ.م.	غ.و.	/	:	yyyy/M/d	dddd د yyyy د MMMM d	h:mm tt	h:mm:ss tt	dddd د yyyy د MMMM d h:mm:ss tt	MMMM d	yyyy MMMM	يونۍ	دونۍ	درېنۍ	څلرنۍ	پينځنۍ	جمعه	اونۍ	يونۍ	دونۍ	درېنۍ	څلرنۍ	پينځنۍ	جمعه	اونۍ	جنوري	فېبروري	مارچ	اپریل	مۍ	جون	جولای	اګست	سپتمبر	اکتوبر	نومبر	دسمبر	جنوري	فبروري	مارچ	اپریل	مۍ	جون	جولای	اګست	سپتمبر	اکتوبر	نومبر	دسمبر	جنوري	فبروري	مارچ	اپریل	مۍ	جون	جولای	اګست	سېپتمبر	اکتوبر	نومبر	دسمبر	جنوري	فبروري	مارچ	اپریل	مۍ	جون	جولای	اګست	سېپتمبر	اکتوبر	نومبر	دسمبر	م.	م.	2049	GregorianCalendar	1
pt	AM	PM	/	:	dd/MM/yyyy	dddd, d 'de' MMMM 'de' yyyy	HH:mm	HH:mm:ss	dddd, d 'de' MMMM 'de' yyyy HH:mm:ss	d 'de' MMMM	MMMM 'de' yyyy	domingo	segunda-feira	terça-feira	quarta-feira	quinta-feira	sexta-feira	sábado	dom.	seg.	ter.	qua.	qui.	sex.	sáb.	janeiro	fevereiro	março	abril	maio	junho	julho	agosto	setembro	outubro	novembro	dezembro	jan.	fev.	mar.	abr.	mai.	jun.	jul.	ago.	set.	out.	nov.	dez.	janeiro	fevereiro	março	abril	maio	junho	julho	agosto	setembro	outubro	novembro	dezembro	jan.	fev.	mar.	abr.	mai.	jun.	jul.	ago.	set.	out.	nov.	dez.	d.C.	d.C.	2049	GregorianCalendar	0
pt-AO	da manhã	da tarde	/	:	dd/MM/yyyy	dddd, d 'de' MMMM 'de' yyyy	HH:mm	HH:mm:ss	dddd, d 'de' MMMM 'de' yyyy HH:mm:ss	d 'de' MMMM	MMMM 'de' yyyy	domingo	segunda-feira	terça-feira	quarta-feira	quinta-feira	sexta-feira	sábado	domingo	segunda	terça	quarta	quinta	sexta	sábado	janeiro	fevereiro	março	abril	maio	junho	julho	agosto	setembro	outubro	novembro	dezembro	jan.	fev.	mar.	abr.	mai.	jun.	jul.	ago.	set.	out.	nov.	dez.	janeiro	fevereiro	março	abril	maio	junho	julho	agosto	setembro	outubro	novembro	dezembro	jan.	fev.	mar.	abr.	mai.	jun.	jul.	ago.	set.	out.	nov.	dez.	d.C.	d.C.	2049	GregorianCalendar	0
pt-BR	=	pt
pt-CH	=	pt-AO
pt-CV	=	pt-AO
pt-GQ	=	pt-AO
pt-GW	=	pt-AO
pt-LU	=	pt-AO
pt-MO	da manhã	da tarde	/	:	dd/MM/yyyy	dddd, d 'de' MMMM 'de' yyyy	h:mm tt	h:mm:ss tt	dddd, d 'de' MMMM 'de' yyyy h:mm:ss tt	d 'de' MMMM	MMMM 'de' yyyy	domingo	segunda-feira	terça-feira	quarta-feira	quinta-feira	sexta-feira	sábado	domingo	segunda	terça	quarta	quinta	sexta	sábado	janeiro	fevereiro	março	abril	maio	junho	julho	agosto	setembro	outubro	novembro	dezembro	jan.	fev.	mar.	abr.	mai.	jun.	jul.	ago.	set.	out.	nov.	dez.	janeiro	fevereiro	março	abril	maio	junho	julho	agosto	setembro	outubro	novembro	dezembro	jan.	fev.	mar.	abr.	mai.	jun.	jul.	ago.	set.	out.	nov.	dez.	d.C.	d.C.	2049	GregorianCalendar	0
pt-MZ	=	pt-AO
pt-PT	=	pt-AO
pt-ST	=	pt-AO
pt-TL	=	pt-AO
qu	a.m.	p.m.	/	:	d/M/yyyy	dddd, d MMMM, yyyy	h:mm tt	h:mm:ss tt	dddd, d MMMM, yyyy h:mm:ss tt	d MMMM	MMMM yyyy	Domingo	Lunes	Martes	Miércoles	Jueves	Viernes	Sábado	Dom	Lun	Mar	Mié	Jue	Vie	Sab	Enero	Febrero	Marzo	Abril	Mayo	Junio	Julio	Agosto	Setiembre	Octubre	Noviembre	Diciembre	Ene	Feb	Mar	Abr	May	Jun	Jul	Ago	Set	Oct	Nov	Dic	Enero	Febrero	Marzo	Abril	Mayo	Junio	Julio	Agosto	Setiembre	Octubre	Noviembre	Diciembre	Ene	Feb	Mar	Abr	May	Jun	Jul	Ago	Set	Oct	Nov	Dic	d.C.	dC	2049	GregorianCalendar	0
qu-BO	=	qu
qu-EC	=	qu
qu-PE	=	qu
raj	सबेरे	सांम	-	:	yyyy-MM-dd	yyyy MMMM d, dddd	h:mm tt	h:mm:ss tt	yyyy MMMM d, dddd h:mm:ss tt	MMMM d	yyyy MMMM	रविवार	सोमवार	मंगलवार	बुधवार	गुरुवार	शुक्रवार	शनिवार	रविवार	सोमवार	मंगलवार	बुधवार	गुरुवार	शुक्रवार	शनिवार	जनवरी	फरवरी	मार्च	अप्रैल	मई	जून	जुलाई	अगस्त	सितम्बर	अक्टूबर	नवंबर	दिसंबर	जनवरी	फरवरी	मार्च	अप्रैल	मई	जून	जुलाई	अगस्त	सितम्बर	अक्टूबर	नवंबर	दिसंबर	जनवरी	फरवरी	मार्च	अप्रैल	मई	जून	जुलाई	अगस्त	सितम्बर	अक्टूबर	नवंबर	दिसंबर	जनवरी	फरवरी	मार्च	अप्रैल	मई	जून	जुलाई	अगस्त	सितम्बर	अक्टूबर	नवंबर	दिसंबर	CE	CE	2049	GregorianCalendar	0
raj-IN	=	raj
rm	AM	PM	-	:	dd-MM-yyyy	dddd, 'ils' d MMMM yyyy	HH:mm	HH:mm:ss	dddd, 'ils' d MMMM yyyy HH:mm:ss	d MMMM	MMMM yyyy	dumengia	glindesdi	mardi	mesemna	gievgia	venderdi	sonda	du	gli	ma	me	gie	ve	so	schaner	favrer	mars	avrigl	matg	zercladur	fanadur	avust	settember	october	november	december	schan.	favr.	mars	avr.	matg	zercl.	fan.	avust	sett.	oct.	nov.	dec.	da schaner	da favrer	da mars	d’avrigl	da matg	da zercladur	da fanadur	d’avust	da settember	d’october	da november	da december	schan.	favr.	mars	avr.	matg	zercl.	fan.	avust	sett.	oct.	nov.	dec.	s. Cr.	s. Cr.	2049	GregorianCalendar	5
rm-CH	=	rm
rn	Z.MU.	Z.MW.	/	:	d/M/yyyy	dddd d MMMM yyyy	HH:mm	HH:mm:ss	dddd d MMMM yyyy HH:mm:ss	MMMM d	yyyy MMMM	Ku w’indwi	Ku wa mbere	Ku wa kabiri	Ku wa gatatu	Ku wa kane	Ku wa gatanu	Ku wa gatandatu	cu.	mbe.	kab.	gtu.	kan.	gnu.	gnd.	Nzero	Ruhuhuma	Ntwarante	Ndamukiza	Rusama	Ruheshi	Mukakaro	Nyandagaro	Nyakanga	Gitugutu	Munyonyo	Kigarama	Mut.	Gas.	Wer.	Mat.	Gic.	Kam.	Nya.	Kan.	Nze.	Ukw.	Ugu.	Uku.	Nzero	Ruhuhuma	Ntwarante	Ndamukiza	Rusama	Ruheshi	Mukakaro	Nyandagaro	Nyakanga	Gitugutu	Munyonyo	Kigarama	Mut.	Gas.	Wer.	Mat.	Gic.	Kam.	Nya.	Kan.	Nze.	Ukw.	Ugu.	Uku.	Ny.Y	Ny.Y	2049	GregorianCalendar	16
rn-BI	=	rn
ro	a.m.	p.m.	.	:	dd.MM.yyyy	dddd, d MMMM yyyy	HH:mm	HH:mm:ss	dddd, d MMMM yyyy HH:mm:ss	d MMMM	MMMM yyyy	duminică	luni	marți	miercuri	joi	vineri	sâmbătă	dum.	lun.	mar.	mie.	joi	vin.	sâm.	ianuarie	februarie	martie	aprilie	mai	iunie	iulie	august	septembrie	octombrie	noiembrie	decembrie	ian.	feb.	mar.	apr.	mai	iun.	iul.	aug.	sept.	oct.	nov.	dec.	ianuarie	februarie	martie	aprilie	mai	iunie	iulie	august	septembrie	octombrie	noiembrie	decembrie	ian.	feb.	mar.	apr.	mai	iun.	iul.	aug.	sept.	oct.	nov.	dec.	d.Hr.	d.Hr.	2049	GregorianCalendar	0
ro-MD	a.m.	p.m.	.	:	dd.MM.yyyy	dddd, d MMMM yyyy	HH:mm	HH:mm:ss	dddd, d MMMM yyyy HH:mm:ss	d MMMM	MMMM yyyy	duminică	luni	marți	miercuri	joi	vineri	sâmbătă	Dum	Lun	Mar	Mie	Joi	Vin	Sâm	ianuarie	februarie	martie	aprilie	mai	iunie	iulie	august	septembrie	octombrie	noiembrie	decembrie	ian.	feb.	mar.	apr.	mai	iun.	iul.	aug.	sept.	oct.	nov.	dec.	ianuarie	februarie	martie	aprilie	mai	iunie	iulie	august	septembrie	octombrie	noiembrie	decembrie	ian.	feb.	mar.	apr.	mai	iun.	iul.	aug.	sept.	oct.	nov.	dec.	d.Hr.	d.Hr.	2049	GregorianCalendar	0
ro-RO	=	ro
rof	kang’ama	kingoto	/	:	dd/MM/yyyy	dddd, d MMMM yyyy	HH:mm	HH:mm:ss	dddd, d MMMM yyyy HH:mm:ss	MMMM d	MMMM yyyy	Ijumapili	Ijumatatu	Ijumanne	Ijumatano	Alhamisi	Ijumaa	Ijumamosi	Ijp	Ijt	Ijn	Ijtn	Alh	Iju	Ijm	Mweri wa kwanza	Mweri wa kaili	Mweri wa katatu	Mweri wa kaana	Mweri wa tanu	Mweri wa sita	Mweri wa saba	Mweri wa nane	Mweri wa tisa	Mweri wa ikumi	Mweri wa ikumi na moja	Mweri wa ikumi na mbili	M1	M2	M3	M4	M5	M6	M7	M8	M9	M10	M11	M12	Mweri wa kwanza	Mweri wa kaili	Mweri wa katatu	Mweri wa kaana	Mweri wa tanu	Mweri wa sita	Mweri wa saba	Mweri wa nane	Mweri wa tisa	Mweri wa ikumi	Mweri wa ikumi na moja	Mweri wa ikumi na mbili	M1	M2	M3	M4	M5	M6	M7	M8	M9	M10	M11	M12	BM	BM	2049	GregorianCalendar	4
rof-TZ	=	rof
ru	AM	PM	.	:	dd.MM.yyyy	dddd, d MMMM yyyy 'г'.	HH:mm	HH:mm:ss	dddd, d MMMM yyyy 'г'. HH:mm:ss	d MMMM	MMMM yyyy 'г'.	воскресенье	понедельник	вторник	среда	четверг	пятница	суббота	вс	пн	вт	ср	чт	пт	сб	январь	февраль	март	апрель	май	июнь	июль	август	сентябрь	октябрь	ноябрь	декабрь	янв.	февр.	март	апр.	май	июнь	июль	авг.	сент.	окт.	нояб.	дек.	января	февраля	марта	апреля	мая	июня	июля	августа	сентября	октября	ноября	декабря	янв.	февр.	мар.	апр.	мая	июн.	июл.	авг.	сент.	окт.	нояб.	дек.	н. э.	н.э.	2049	GregorianCalendar	1
ru-BY	=	ru
ru-KG	=	ru
ru-KZ	=	ru
ru-MD	=	ru
ru-RU	=	ru
ru-UA	AM	PM	.	:	dd.MM.yyyy	dddd, d MMMM yyyy 'г'.	HH:mm	HH:mm:ss	dddd, d MMMM yyyy 'г'. HH:mm:ss	d MMMM	MMMM yyyy 'г'.	воскресенье	понедельник	вторник	среда	четверг	пятница	суббота	вс	пн	вт	ср	чт	пт	сб	январь	февраль	март	апрель	май	июнь	июль	август	сентябрь	октябрь	ноябрь	декабрь	янв.	февр.	март	апр.	май	июнь	июль	авг.	сент.	окт.	нояб.	дек.	января	февраля	марта	апреля	мая	июня	июля	августа	сентября	октября	ноября	декабря	янв.	февр.	мар.	апр.	мая	июн.	июл.	авг.	сент.	окт.	нояб.	дек.	н. э.	н. э.	2049	GregorianCalendar	1
rw	AM	PM	-	:	yyyy-MM-dd	yyyy MMMM d, dddd	HH:mm	HH:mm:ss	yyyy MMMM d, dddd HH:mm:ss	MMMM d	yyyy MMMM	Ku cyumweru	Kuwa mbere	Kuwa kabiri	Kuwa gatatu	Kuwa kane	Kuwa gatanu	Kuwa gatandatu	cyu.	mbe.	kab.	gtu.	kan.	gnu.	gnd.	Mutarama	Gashyantare	Werurwe	Mata	Gicurasi	Kamena	Nyakanga	Kanama	Nzeri	Ukwakira	Ugushyingo	Ukuboza	mut.	gas.	wer.	mat.	gic.	kam.	nya.	kan.	nze.	ukw.	ugu.	uku.	Mutarama	Gashyantare	Werurwe	Mata	Gicurasi	Kamena	Nyakanga	Kanama	Nzeri	Ukwakira	Ugushyingo	Ukuboza	mut.	gas.	wer.	mat.	gic.	kam.	nya.	kan.	nze.	ukw.	ugu.	uku.	CE	CE	2049	GregorianCalendar	16
rw-RW	=	rw
rwk	=	jmc
rwk-TZ	=	jmc
sa	पूर्वाह्न	अपराह्न	/	:	d/M/yyyy	dddd, d MMMM yyyy	h:mm tt	h:mm:ss tt	dddd, d MMMM yyyy h:mm:ss tt	d MMMM	MMMM yyyy	रविवासरः	सोमवासरः	मंगलवासरः	बुधवासरः	गुरुवासर:	शुक्रवासरः	शनिवासरः	रवि	सोम	मंगल	बुध	गुरु	शुक्र	शनि	जनवरीमासः	फरवरीमासः	मार्चमासः	अप्रैलमासः	मईमासः	जूनमासः	जुलाईमासः	अगस्तमासः	सितंबरमासः	अक्तूबरमासः	नवंबरमासः	दिसंबरमासः	जनवरी:	फरवरी:	मार्च:	अप्रैल:	मई	जून:	जुलाई:	अगस्त:	सितंबर:	अक्तूबर:	नवंबर:	दिसंबर:	जनवरीमासः	फरवरीमासः	मार्चमासः	अप्रैलमासः	मईमासः	जूनमासः	जुलाईमासः	अगस्तमासः	सितंबरमासः	अक्तूबरमासः	नवंबरमासः	दिसंबरमासः	जनवरी:	फरवरी:	मार्च:	अप्रैल:	मई	जून:	जुलाई:	अगस्त:	सितंबर:	अक्तूबर:	नवंबर:	दिसंबर:	CE	CE	2049	GregorianCalendar	0
sa-IN	=	sa
sah	ЭИ	ЭК	/	:	yyyy/M/d	yyyy 'сыл' MMMM d 'күнэ', dddd	HH:mm	HH:mm:ss	yyyy 'сыл' MMMM d 'күнэ', dddd HH:mm:ss	MMMM d	yyyy MMMM	баскыһыанньа	бэнидиэнньик	оптуорунньук	сэрэдэ	чэппиэр	Бээтиҥсэ	субуота	бс	бн	оп	сэ	чп	бэ	сб	тохсунньу	олунньу	кулун тутар	муус устар	ыам ыйа	бэс ыйа	от ыйа	атырдьых ыйа	балаҕан ыйа	алтынньы	сэтинньи	ахсынньы	Тохс	Олун	Клн	Мсу	Ыам	Бэс	Отй	Атр	Блҕ	Алт	Сэт	Ахс	Тохсунньу	Олунньу	Кулун тутар	Муус устар	Ыам ыйын	Бэс ыйын	От ыйын	Атырдьых ыйын	Балаҕан ыйын	Алтынньы	Сэтинньи	ахсынньы	Тохс	Олун	Клн	Мсу	Ыам	Бэс	Отй	Атр	Блҕ	Алт	Сэт	Ахс	б. э	б. э	2049	GregorianCalendar	5
sah-RU	=	sah
saq	Tesiran	Teipa	/	:	dd/MM/yyyy	dddd, d MMMM yyyy	HH:mm	HH:mm:ss	dddd, d MMMM yyyy HH:mm:ss	MMMM d	MMMM yyyy	Mderot ee are	Mderot ee kuni	Mderot ee ong’wan	Mderot ee inet	Mderot ee ile	Mderot ee sapa	Mderot ee kwe	Are	Kun	Ong	Ine	Ile	Sap	Kwe	Lapa le obo	Lapa le waare	Lapa le okuni	Lapa le ong’wan	Lapa le imet	Lapa le ile	Lapa le sapa	Lapa le isiet	Lapa le saal	Lapa le tomon	Lapa le tomon obo	Lapa le tomon waare	Obo	Waa	Oku	Ong	Ime	Ile	Sap	Isi	Saa	Tom	Tob	Tow	Lapa le obo	Lapa le waare	Lapa le okuni	Lapa le ong’wan	Lapa le imet	Lapa le ile	Lapa le sapa	Lapa le isiet	Lapa le saal	Lapa le tomon	Lapa le tomon obo	Lapa le tomon waare	Obo	Waa	Oku	Ong	Ime	Ile	Sap	Isi	Saa	Tom	Tob	Tow	BK	BK	2049	GregorianCalendar	20
saq-KE	=	saq
sat	ᱥᱮᱛᱟᱜ	ᱧᱤᱫᱟᱹ	/	:	d/M/yyyy	dddd, d MMMM yyyy	h:mm tt	h:mm:ss tt	dddd, d MMMM yyyy h:mm:ss tt	MMMM d	yyyy MMMM	ᱥᱤᱸᱜᱮ	ᱚᱛᱮ	ᱵᱟᱞᱮ	ᱥᱟᱹᱜᱩᱱ	ᱥᱟᱹᱨᱫᱤ	ᱡᱟᱹᱨᱩᱢ	ᱧᱩᱦᱩᱢ	ᱥᱤᱸ	ᱚᱛ	ᱵᱟ	ᱥᱟᱹ	ᱥᱟᱹᱨ	ᱡᱟᱹ	ᱧᱩ	ᱡᱟᱱᱣᱟᱨᱤ	ᱯᱷᱟᱨᱣᱟᱨᱤ	ᱢᱟᱨᱪ	ᱟᱯᱨᱮᱞ	ᱢᱮ	ᱡᱩᱱ	ᱡᱩᱞᱟᱭ	ᱟᱜᱟᱥᱛ	ᱥᱮᱯᱴᱮᱢᱵᱟᱨ	ᱚᱠᱴᱚᱵᱟᱨ	ᱱᱟᱣᱟᱢᱵᱟᱨ	ᱫᱤᱥᱟᱢᱵᱟᱨ	ᱡᱟᱱ	ᱯᱷᱟ	ᱢᱟᱨ	ᱟᱯᱨ	ᱢᱮ	ᱡᱩᱱ	ᱡᱩᱞ	ᱟᱜᱟ	ᱥᱮᱯ	ᱚᱠᱴ	ᱱᱟᱣ	ᱫᱤᱥ	ᱡᱟᱱᱣᱟᱨᱤ	ᱯᱷᱟᱨᱣᱟᱨᱤ	ᱢᱟᱨᱪ	ᱟᱯᱨᱮᱞ	ᱢᱮ	ᱡᱩᱱ	ᱡᱩᱞᱟᱭ	ᱟᱜᱟᱥᱛ	ᱥᱮᱯᱴᱮᱢᱵᱟᱨ	ᱚᱠᱴᱚᱵᱟᱨ	ᱱᱟᱣᱟᱢᱵᱟᱨ	ᱫᱤᱥᱟᱢᱵᱟᱨ	ᱡᱟᱱ	ᱯᱷᱟ	ᱢᱟᱨ	ᱟᱯᱨ	ᱢᱮ	ᱡᱩᱱ	ᱡᱩᱞ	ᱟᱜᱟ	ᱥᱮᱯ	ᱚᱠᱴ	ᱱᱟᱣ	ᱫᱤᱥ	ᱤᱥᱣᱤ	ᱤᱥᱣᱤ	2049	GregorianCalendar	0
sat-Olck	=	sat
sat-Olck-IN	=	sat
sbp	Lwamilawu	Pashamihe	/	:	dd/MM/yyyy	dddd, d MMMM yyyy	HH:mm	HH:mm:ss	dddd, d MMMM yyyy HH:mm:ss	MMMM d	yyyy MMMM	Mulungu	Jumatatu	Jumanne	Jumatano	Alahamisi	Ijumaa	Jumamosi	Mul	Jtt	Jnn	Jtn	Alh	Iju	Jmo	Mupalangulwa	Mwitope	Mushende	Munyi	Mushende Magali	Mujimbi	Mushipepo	Mupuguto	Munyense	Mokhu	Musongandembwe	Muhaano	Mup	Mwi	Msh	Mun	Mag	Muj	Msp	Mpg	Mye	Mok	Mus	Muh	Mupalangulwa	Mwitope	Mushende	Munyi	Mushende Magali	Mujimbi	Mushipepo	Mupuguto	Munyense	Mokhu	Musongandembwe	Muhaano	Mup	Mwi	Msh	Mun	Mag	Muj	Msp	Mpg	Mye	Mok	Mus	Muh	PK	PK	2049	GregorianCalendar	4
sbp-TZ	=	sbp
sc	AM	PM	/	:	dd/MM/yyyy	dddd d 'de' MMMM 'de' 'su' yyyy	HH:mm	HH:mm:ss	dddd d 'de' MMMM 'de' 'su' yyyy HH:mm:ss	d 'de' MMMM	MMMM 'de' 'su' yyyy	domìniga	lunis	martis	mèrcuris	giòbia	chenàbura	sàbadu	dom	lun	mar	mèr	giò	che	sàb	ghennàrgiu	freàrgiu	martzu	abrile	maju	làmpadas	trìulas	austu	cabudanni	santugaine	santandria	nadale	ghe	fre	mar	abr	maj	làm	trì	aus	cab	stG	stA	nad	ghennàrgiu	freàrgiu	martzu	abrile	maju	làmpadas	trìulas	austu	cabudanni	santugaine	santandria	nadale	ghe	fre	mar	abr	maj	làm	trì	aus	cab	stG	stA	nad	p.C.	p.C.	2049	GregorianCalendar	0
sc-IT	=	sc
sd	صبح، منجهند	منجهند، شام	-	:	yyyy-MM-dd	dddd, MMMM d, yyyy	h:mm tt	h:mm:ss tt	dddd, MMMM d, yyyy h:mm:ss tt	MMMM d	yyyy MMMM	آچر	سومر	اڱارو	اربع	خميس	جمعو	ڇنڇر	آچر	سومر	اڱارو	اربع	خميس	جمعو	ڇنڇر	جنوري	فيبروري	مارچ	اپريل	مئي	جون	جولاءِ	آگسٽ	سيپٽمبر	آڪٽوبر	نومبر	ڊسمبر	جنوري	فيبروري	مارچ	اپريل	مئي	جون	جولاءِ	آگسٽ	سيپٽمبر	آڪٽوبر	نومبر	ڊسمبر	جنوري	فيبروري	مارچ	اپريل	مئي	جون	جولاءِ	آگسٽ	سيپٽمبر	آڪٽوبر	نومبر	ڊسمبر	جنوري	فيبروري	مارچ	اپريل	مئي	جون	جولاءِ	آگسٽ	سيپٽمبر	آڪٽوبر	نومبر	ڊسمبر	CD	CD	2049	GregorianCalendar	0
sd-Arab	=	sd
sd-Arab-PK	=	sd
sd-Deva	सुबुह जा	शाम जा	/	:	M/d/yyyy	dddd, MMMM d, yyyy	h:mm tt	h:mm:ss tt	dddd, MMMM d, yyyy h:mm:ss tt	MMMM d	MMMM yyyy	आर्त	सू	मं	बु॒ध	विस	जुम	छंछ	आ	सू	मं	बुध	विस	जु	छंछ	जनवरी	फेबरवरी	मार्चु	अप्रेल	मई	जून	जुलाई	आगस्ट	सप्टेंबर	ऑक्टोबर	नवंबर	डिसंबर	जन	फर	मार्च	अप्रै	मई	जून	जुला	अग	सप्टे	ऑक्टो	नवं	डिसं	जनवरी	फेबरवरी	मार्चु	अप्रेल	मई	जून	जुलाई	आगस्ट	सप्टेंबर	आक्टोबर	नवंबर	डिसंबर	जन	फर	मार्च	अप्रै	मई	जून	जु	अग	सप्टे	ऑक्टो	नवं	डिसं	एडी	एडी	2049	GregorianCalendar	1
sd-Deva-IN	=	sd-Deva
se	iđitbeaivet	eahketbeaivet	-	:	yyyy-MM-dd	yyyy MMMM d, dddd	HH:mm	HH:mm:ss	yyyy MMMM d, dddd HH:mm:ss	MMMM d	yyyy MMMM	sotnabeaivi	vuossárga	maŋŋebárga	gaskavahkku	duorasdat	bearjadat	lávvardat	sotn	vuos	maŋ	gask	duor	bear	láv	ođđajagemánnu	guovvamánnu	njukčamánnu	cuoŋománnu	miessemánnu	geassemánnu	suoidnemánnu	borgemánnu	čakčamánnu	golggotmánnu	skábmamánnu	juovlamánnu	ođđj	guov	njuk	cuo	mies	geas	suoi	borg	čakč	golg	skáb	juov	ođđajagemánnu	guovvamánnu	njukčamánnu	cuoŋománnu	miessemánnu	geassemánnu	suoidnemánnu	borgemánnu	čakčamánnu	golggotmánnu	skábmamánnu	juovlamánnu	ođđj	guov	njuk	cuo	mies	geas	suoi	borg	čakč	golg	skáb	juov	m.Kr.	m.Kr.	2049	GregorianCalendar	0
se-FI	ib	eb	.	:	dd.MM.yyyy	dddd d MMMM yyyy	HH:mm	HH:mm:ss	dddd d MMMM yyyy HH:mm:ss	d MMMM	MMMM yyyy	sotnabeaivi	mánnodat	disdat	gaskavahkku	duorastat	bearjadat	lávvordat	so	má	di	ga	du	be	lá	ođđajagemánnu	guovvamánnu	njukčamánnu	cuoŋománnu	miessemánnu	geassemánnu	suoidnemánnu	borgemánnu	čakčamánnu	golggotmánnu	skábmamánnu	juovlamánnu	ođđj	guov	njuk	cuoŋ	mies	geas	suoi	borg	čakč	golg	skáb	juov	ođđajagemánnu	guovvamánnu	njukčamánnu	cuoŋománnu	miessemánnu	geassemánnu	suoidnemánnu	borgemánnu	čakčamánnu	golggotmánnu	skábmamánnu	juovlamánnu	ođđj	guov	njuk	cuoŋ	mies	geas	suoi	borg	čakč	golg	skáb	juov	mKr.	mKr.	2049	GregorianCalendar	0
se-NO	=	se
se-SE	=	se
seh	AM	PM	/	:	d/M/yyyy	dddd, d 'de' MMMM 'de' yyyy	HH:mm	HH:mm:ss	dddd, d 'de' MMMM 'de' yyyy HH:mm:ss	d MMMM	MMMM 'de' yyyy	Dimingu	Chiposi	Chipiri	Chitatu	Chinai	Chishanu	Sabudu	Dim	Pos	Pir	Tat	Nai	Sha	Sab	Janeiro	Fevreiro	Marco	Abril	Maio	Junho	Julho	Augusto	Setembro	Otubro	Novembro	Decembro	Jan	Fev	Mar	Abr	Mai	Jun	Jul	Aug	Set	Otu	Nov	Dec	Janeiro	Fevreiro	Marco	Abril	Maio	Junho	Julho	Augusto	Setembro	Otubro	Novembro	Decembro	Jan	Fev	Mar	Abr	Mai	Jun	Jul	Aug	Set	Otu	Nov	Dec	AD	AD	2049	GregorianCalendar	0
seh-MZ	=	seh
ses	Adduha	Aluula	/	:	d/M/yyyy	dddd d MMMM yyyy	HH:mm	HH:mm:ss	dddd d MMMM yyyy HH:mm:ss	d MMMM	MMMM yyyy	Alhadi	Atinni	Atalaata	Alarba	Alhamiisa	Alzuma	Asibti	Alh	Ati	Ata	Ala	Alm	Alz	Asi	Žanwiye	Feewiriye	Marsi	Awiril	Me	Žuweŋ	Žuyye	Ut	Sektanbur	Oktoobur	Noowanbur	Deesanbur	Žan	Fee	Mar	Awi	Me	Žuw	Žuy	Ut	Sek	Okt	Noo	Dee	Žanwiye	Feewiriye	Marsi	Awiril	Me	Žuweŋ	Žuyye	Ut	Sektanbur	Oktoobur	Noowanbur	Deesanbur	Žan	Fee	Mar	Awi	Me	Žuw	Žuy	Ut	Sek	Okt	Noo	Dee	IZ	IZ	2049	GregorianCalendar	0
ses-ML	=	ses
sg	ND	LK	/	:	d/M/yyyy	dddd d MMMM yyyy	HH:mm	HH:mm:ss	dddd d MMMM yyyy HH:mm:ss	d MMMM	MMMM yyyy	Bikua-ôko	Bïkua-ûse	Bïkua-ptâ	Bïkua-usïö	Bïkua-okü	Lâpôsö	Lâyenga	Bk1	Bk2	Bk3	Bk4	Bk5	Lâp	Lây	Nyenye	Fulundïgi	Mbängü	Ngubùe	Bêläwü	Föndo	Lengua	Kükürü	Mvuka	Ngberere	Nabändüru	Kakauka	Nye	Ful	Mbä	Ngu	Bêl	Fön	Len	Kük	Mvu	Ngb	Nab	Kak	Nyenye	Fulundïgi	Mbängü	Ngubùe	Bêläwü	Föndo	Lengua	Kükürü	Mvuka	Ngberere	Nabändüru	Kakauka	Nye	Ful	Mbä	Ngu	Bêl	Fön	Len	Kük	Mvu	Ngb	Nab	Kak	NpK	NpK	2049	GregorianCalendar	0
sg-CF	=	sg
shi	ⵜⵉⴼⴰⵡⵜ	ⵜⴰⴷⴳⴳⵯⴰⵜ	/	:	d/M/yyyy	dddd d MMMM yyyy	HH:mm	HH:mm:ss	dddd d MMMM yyyy HH:mm:ss	d MMMM	MMMM yyyy	ⴰⵙⴰⵎⴰⵙ	ⴰⵢⵏⴰⵙ	ⴰⵙⵉⵏⴰⵙ	ⴰⴽⵕⴰⵙ	ⴰⴽⵡⴰⵙ	ⵙⵉⵎⵡⴰⵙ	ⴰⵙⵉⴹⵢⴰⵙ	ⴰⵙⴰ	ⴰⵢⵏ	ⴰⵙⵉ	ⴰⴽⵕ	ⴰⴽⵡ	ⴰⵙⵉⵎ	ⴰⵙⵉⴹ	ⵉⵏⵏⴰⵢⵔ	ⴱⵕⴰⵢⵕ	ⵎⴰⵕⵚ	ⵉⴱⵔⵉⵔ	ⵎⴰⵢⵢⵓ	ⵢⵓⵏⵢⵓ	ⵢⵓⵍⵢⵓⵣ	ⵖⵓⵛⵜ	ⵛⵓⵜⴰⵏⴱⵉⵔ	ⴽⵜⵓⴱⵔ	ⵏⵓⵡⴰⵏⴱⵉⵔ	ⴷⵓⵊⴰⵏⴱⵉⵔ	ⵉⵏⵏ	ⴱⵕⴰ	ⵎⴰⵕ	ⵉⴱⵔ	ⵎⴰⵢ	ⵢⵓⵏ	ⵢⵓⵍ	ⵖⵓⵛ	ⵛⵓⵜ	ⴽⵜⵓ	ⵏⵓⵡ	ⴷⵓⵊ	ⵉⵏⵏⴰⵢⵔ	ⴱⵕⴰⵢⵕ	ⵎⴰⵕⵚ	ⵉⴱⵔⵉⵔ	ⵎⴰⵢⵢⵓ	ⵢⵓⵏⵢⵓ	ⵢⵓⵍⵢⵓⵣ	ⵖⵓⵛⵜ	ⵛⵓⵜⴰⵏⴱⵉⵔ	ⴽⵜⵓⴱⵔ	ⵏⵓⵡⴰⵏⴱⵉⵔ	ⴷⵓⵊⴰⵏⴱⵉⵔ	ⵉⵏⵏ	ⴱⵕⴰ	ⵎⴰⵕ	ⵉⴱⵔ	ⵎⴰⵢ	ⵢⵓⵏ	ⵢⵓⵍ	ⵖⵓⵛ	ⵛⵓⵜ	ⴽⵜⵓ	ⵏⵓⵡ	ⴷⵓⵊ	ⴷⴼⵄ	ⴷⴼⵄ	2049	GregorianCalendar	0
shi-Latn	tifawt	tadggʷat	/	:	d/M/yyyy	dddd d MMMM yyyy	HH:mm	HH:mm:ss	dddd d MMMM yyyy HH:mm:ss	d MMMM	MMMM yyyy	asamas	aynas	asinas	akṛas	akwas	asimwas	asiḍyas	asa	ayn	asi	akṛ	akw	asim	asiḍ	innayr	bṛayṛ	maṛṣ	ibrir	mayyu	yunyu	yulyuz	ɣuct	cutanbir	ktubr	nuwanbir	dujanbir	inn	bṛa	maṛ	ibr	may	yun	yul	ɣuc	cut	ktu	nuw	duj	innayr	bṛayṛ	maṛṣ	ibrir	mayyu	yunyu	yulyuz	ɣuct	cutanbir	ktubr	nuwanbir	dujanbir	inn	bṛa	maṛ	ibr	may	yun	yul	ɣuc	cut	ktu	nuw	duj	dfɛ	dfɛ	2049	GregorianCalendar	0
shi-Latn-MA	=	shi-Latn
shi-Tfng	=	shi
shi-Tfng-MA	=	shi
si	පෙ.ව.	ප.ව.	-	.	yyyy-MM-dd	yyyy MMMM d, dddd	HH.mm	HH.mm.ss	yyyy MMMM d, dddd HH.mm.ss	MMMM d	yyyy MMMM	ඉරිදා	සඳුදා	අඟහරුවාදා	බදාදා	බ්‍රහස්පතින්දා	සිකුරාදා	සෙනසුරාදා	ඉරිදා	සඳුදා	අඟහ	බදාදා	බ්‍රහස්	සිකු	සෙන	ජනවාරි	පෙබරවාරි	මාර්තු	අප්‍රේල්	මැයි	ජූනි	ජූලි	අගෝස්තු	සැප්තැම්බර්	ඔක්තෝබර්	නොවැම්බර්	දෙසැම්බර්	ජන	පෙබ	මාර්	අප්‍රේල්	මැයි	ජූනි	ජූලි	අගෝ	සැප්	ඔක්	නොවැ	දෙසැ	ජනවාරි	පෙබරවාරි	මාර්තු	අප්‍රේල්	මැයි	ජූනි	ජූලි	අගෝස්තු	සැප්තැම්බර්	ඔක්තෝබර්	නොවැම්බර්	දෙසැම්බර්	ජන	පෙබ	මාර්තු	අප්‍රේල්	මැයි	ජූනි	ජූලි	අගෝ	සැප්	ඔක්	නොවැ	දෙසැ	ක්‍රි.ව.	ක්‍රි.ව.	2049	GregorianCalendar	1
si-LK	=	si
sk	AM	PM	. 	:	d. M. yyyy	dddd d. MMMM yyyy	H:mm	H:mm:ss	dddd d. MMMM yyyy H:mm:ss	d. MMMM	MMMM yyyy	nedeľa	pondelok	utorok	streda	štvrtok	piatok	sobota	ne	po	ut	st	št	pi	so	január	február	marec	apríl	máj	jún	júl	august	september	október	november	december	jan	feb	mar	apr	máj	jún	júl	aug	sep	okt	nov	dec	januára	februára	marca	apríla	mája	júna	júla	augusta	septembra	októbra	novembra	decembra	jan	feb	mar	apr	máj	jún	júl	aug	sep	okt	nov	dec	po Kr.	po Kr.	2049	GregorianCalendar	1
sk-SK	=	sk
sl	dop.	pop.	. 	:	d. M. yyyy	dddd, d. MMMM yyyy	HH:mm	HH:mm:ss	dddd, d. MMMM yyyy HH:mm:ss	d. MMMM	MMMM yyyy	nedelja	ponedeljek	torek	sreda	četrtek	petek	sobota	ned.	pon.	tor.	sre.	čet.	pet.	sob.	januar	februar	marec	april	maj	junij	julij	avgust	september	oktober	november	december	jan.	feb.	mar.	apr.	maj	jun.	jul.	avg.	sep.	okt.	nov.	dec.	januar	februar	marec	april	maj	junij	julij	avgust	september	oktober	november	december	jan.	feb.	mar.	apr.	maj	jun.	jul.	avg.	sep.	okt.	nov.	dec.	po Kr.	po Kr.	2049	GregorianCalendar	0
sl-SI	=	sl
smn	ip.	ep.	.	.	d.M.yyyy	dddd, MMMM d. yyyy	H.mm	H.mm.ss	dddd, MMMM d. yyyy H.mm.ss	MMMM d.	MMMM yyyy	pasepeivi	vuossargâ	majebargâ	koskokko	tuorâstâh	vástuppeivi	lávurdâh	pas	vuo	maj	kos	tuo	vás	láv	uđđâivemáánu	kuovâmáánu	njuhčâmáánu	cuáŋuimáánu	vyesimáánu	kesimáánu	syeinimáánu	porgemáánu	čohčâmáánu	roovvâdmáánu	skammâmáánu	juovlâmáánu	uđiv	kuovâ	njuhčâ	cuáŋui	vyesi	kesi	syeini	porge	čohčâ	roovvâd	skammâ	juovlâ	uđđâivemáánu	kuovâmáánu	njuhčâmáánu	cuáŋuimáánu	vyesimáánu	kesimáánu	syeinimáánu	porgemáánu	čohčâmáánu	roovvâdmáánu	skammâmáánu	juovlâmáánu	uđiv	kuovâ	njuhčâ	cuáŋui	vyesi	kesi	syeini	porge	čohčâ	roovvâd	skammâ	juovlâ	mKr.	mKr.	2049	GregorianCalendar	0
smn-FI	=	smn
sn	AM	PM	-	:	yyyy-MM-dd	yyyy MMMM d, dddd	HH:mm	HH:mm:ss	yyyy MMMM d, dddd HH:mm:ss	MMMM d	yyyy MMMM	Svondo	Muvhuro	Chipiri	Chitatu	China	Chishanu	Mugovera	Svo	Muv	Chp	Cht	Chn	Chs	Mug	Ndira	Kukadzi	Kurume	Kubvumbi	Chivabvu	Chikumi	Chikunguru	Nyamavhuvhu	Gunyana	Gumiguru	Mbudzi	Zvita	Ndi	Kuk	Kur	Kub	Chv	Chk	Chg	Nya	Gun	Gum	Mbu	Zvi	Ndira	Kukadzi	Kurume	Kubvumbi	Chivabvu	Chikumi	Chikunguru	Nyamavhuvhu	Gunyana	Gumiguru	Mbudzi	Zvita	Ndi	Kuk	Kur	Kub	Chv	Chk	Chg	Nya	Gun	Gum	Mbu	Zvi	AD	AD	2049	GregorianCalendar	0
sn-ZW	=	sn
so	GH	GD	/	:	dd/MM/yyyy	dddd, MMMM d, yyyy	h:mm tt	h:mm:ss tt	dddd, MMMM d, yyyy h:mm:ss tt	MMMM d	MMMM yyyy	Axad	Isniin	Talaado	Arbaco	Khamiis	Jimco	Sabti	Axd	Isn	Tldo	Arbc	Khms	Jmc	Sbti	Jannaayo	Febraayo	Maarso	Abriil	Maayo	Juun	Luulyo	Ogosto	Sebteembar	Oktoobar	Noofeembar	Diseembar	Jan	Feb	Mar	Abr	May	Jun	Lul	Ogs	Seb	Okt	Nof	Dis	Janaayo	Febraayo	Maarso	Abriil	Maayo	Juun	Luulyo	Agosto	Sebtembar	Oktoobar	Noofeembar	Diseembar	Jan	Feb	Mar	Abr	May	Jun	Lul	Ogs	Seb	Okt	Nof	Dis	AD	A	2049	GregorianCalendar	1
so-DJ	=	so
so-ET	=	so
so-KE	GH	GD	/	:	dd/MM/yyyy	dddd, MMMM d, yyyy	HH:mm	HH:mm:ss	dddd, MMMM d, yyyy HH:mm:ss	MMMM d	MMMM yyyy	Axad	Isniin	Talaado	Arbaco	Khamiis	Jimco	Sabti	Axd	Isn	Tldo	Arbc	Khms	Jmc	Sbti	Jannaayo	Febraayo	Maarso	Abriil	Maayo	Juun	Luulyo	Ogosto	Sebteembar	Oktoobar	Noofeembar	Diseembar	Jan	Feb	Mar	Abr	May	Jun	Lul	Ogs	Seb	Okt	Nof	Dis	Janaayo	Febraayo	Maarso	Abriil	Maayo	Juun	Luulyo	Agosto	Sebtembar	Oktoobar	Noofeembar	Diseembar	Jan	Feb	Mar	Abr	May	Jun	Lul	Ogs	Seb	Okt	Nof	Dis	AD	AD	2049	GregorianCalendar	1
so-SO	=	so
sq	e paradites	e pasdites	.	:	d.M.yyyy	dddd, d MMMM yyyy	h:mm tt	h:mm:ss tt	dddd, d MMMM yyyy h:mm:ss tt	d MMMM	MMMM yyyy	e diel	e hënë	e martë	e mërkurë	e enjte	e premte	e shtunë	die	hën	mar	mër	enj	pre	sht	janar	shkurt	mars	prill	maj	qershor	korrik	gusht	shtator	tetor	nëntor	dhjetor	jan	shk	mar	pri	maj	qer	korr	gush	sht	tet	nën	dhj	janar	shkurt	mars	prill	maj	qershor	korrik	gusht	shtator	tetor	nëntor	dhjetor	jan	shk	mar	pri	maj	qer	korr	gush	sht	tet	nën	dhj	mb.K.	mb.K.	2049	GregorianCalendar	16
sq-AL	=	sq
sq-MK	e paradites	e pasdites	.	:	d.M.yyyy	dddd, d MMMM yyyy	HH:mm	HH:mm:ss	dddd, d MMMM yyyy HH:mm:ss	d MMMM	MMMM yyyy	e diel	e hënë	e martë	e mërkurë	e enjte	e premte	e shtunë	die	hën	mar	mër	enj	pre	sht	janar	shkurt	mars	prill	maj	qershor	korrik	gusht	shtator	tetor	nëntor	dhjetor	jan	shk	mar	pri	maj	qer	korr	gush	sht	tet	nën	dhj	janar	shkurt	mars	prill	maj	qershor	korrik	gusht	shtator	tetor	nëntor	dhjetor	jan	shk	mar	pri	maj	qer	korr	gush	sht	tet	nën	dhj	mb.K.	mb.K.	2049	GregorianCalendar	16
sq-XK	=	sq-MK
sr	AM	PM	. 	:	d. M. yyyy.	dddd, d. MMMM yyyy.	HH:mm	HH:mm:ss	dddd, d. MMMM yyyy. HH:mm:ss	d. MMMM	MMMM yyyy.	недеља	понедељак	уторак	среда	четвртак	петак	субота	нед	пон	уто	сре	чет	пет	суб	јануар	фебруар	март	април	мај	јун	јул	август	септембар	октобар	новембар	децембар	јан	феб	мар	апр	мај	јун	јул	авг	сеп	окт	нов	дец	јануар	фебруар	март	април	мај	јун	јул	август	септембар	октобар	новембар	децембар	јан	феб	мар	апр	мај	јун	јул	авг	сеп	окт	нов	дец	н. е.	н.е.	2049	GregorianCalendar	0
sr-Cyrl	=	sr
sr-Cyrl-BA	прије подне	по подне	. 	:	d. M. yyyy.	dddd, d. MMMM yyyy.	HH:mm	HH:mm:ss	dddd, d. MMMM yyyy. HH:mm:ss	d. MMMM	MMMM yyyy.	недјеља	понедјељак	уторак	сриједа	четвртак	петак	субота	нед	пон	уто	сри	чет	пет	суб	јануар	фебруар	март	април	мај	јун	јул	август	септембар	октобар	новембар	децембар	јан	феб	мар	апр	мај	јун	јул	авг	сеп	окт	нов	дец	јануар	фебруар	март	април	мај	јун	јул	август	септембар	октобар	новембар	децембар	јан	феб	мар	апр	мај	јун	јул	авг	сеп	окт	нов	дец	н. е.	н. е.	2049	GregorianCalendar	0
sr-Cyrl-ME	прије подне	по подне	. 	:	d. M. yyyy.	dddd, d. MMMM yyyy.	HH:mm	HH:mm:ss	dddd, d. MMMM yyyy. HH:mm:ss	d. MMMM	MMMM yyyy.	недјеља	понедељак	уторак	сриједа	четвртак	петак	субота	нед	пон	уто	сре	чет	пет	суб	јануар	фебруар	март	април	мај	јун	јул	август	септембар	октобар	новембар	децембар	јан	феб	март	апр	мај	јун	јул	авг	септ	окт	нов	дец	јануар	фебруар	март	април	мај	јун	јул	август	септембар	октобар	новембар	децембар	јан	феб	март	апр	мај	јун	јул	авг	септ	окт	нов	дец	н. е.	н. е.	2049	GregorianCalendar	0
sr-Cyrl-RS	=	sr
sr-Cyrl-XK	AM	PM	. 	:	d. M. yyyy.	dddd, d. MMMM yyyy.	HH:mm	HH:mm:ss	dddd, d. MMMM yyyy. HH:mm:ss	d. MMMM	MMMM yyyy.	недеља	понедељак	уторак	среда	четвртак	петак	субота	нед	пон	уто	сре	чет	пет	суб	јануар	фебруар	март	април	мај	јун	јул	август	септембар	октобар	новембар	децембар	јан	феб	март	апр	мај	јун	јул	авг	септ	окт	нов	дец	јануар	фебруар	март	април	мај	јун	јул	август	септембар	октобар	новембар	децембар	јан	феб	март	апр	мај	јун	јул	авг	септ	окт	нов	дец	н. е.	н. е.	2049	GregorianCalendar	0
sr-Latn	AM	PM	. 	:	d. M. yyyy.	dddd, d. MMMM yyyy.	HH:mm	HH:mm:ss	dddd, d. MMMM yyyy. HH:mm:ss	d. MMMM	MMMM yyyy.	nedelja	ponedeljak	utorak	sreda	četvrtak	petak	subota	ned	pon	uto	sre	čet	pet	sub	januar	februar	mart	april	maj	jun	jul	avgust	septembar	oktobar	novembar	decembar	jan	feb	mar	apr	maj	jun	jul	avg	sep	okt	nov	dec	januar	februar	mart	april	maj	jun	jul	avgust	septembar	oktobar	novembar	decembar	jan	feb	mar	apr	maj	jun	jul	avg	sep	okt	nov	dec	n. e.	n.e.	2049	GregorianCalendar	0
sr-Latn-BA	prije podne	po podne	. 	:	d. M. yyyy.	dddd, d. MMMM yyyy.	HH:mm	HH:mm:ss	dddd, d. MMMM yyyy. HH:mm:ss	d. MMMM	MMMM yyyy.	nedjelja	ponedjeljak	utorak	srijeda	četvrtak	petak	subota	ned	pon	uto	sri	čet	pet	sub	januar	februar	mart	april	maj	jun	jul	avgust	septembar	oktobar	novembar	decembar	jan	feb	mar	apr	maj	jun	jul	avg	sep	okt	nov	dec	januar	februar	mart	april	maj	jun	jul	avgust	septembar	oktobar	novembar	decembar	jan	feb	mar	apr	maj	jun	jul	avg	sep	okt	nov	dec	n. e.	n. e.	2049	GregorianCalendar	0
sr-Latn-ME	prije podne	po podne	. 	:	d. M. yyyy.	dddd, d. MMMM yyyy.	HH:mm	HH:mm:ss	dddd, d. MMMM yyyy. HH:mm:ss	d. MMMM	MMMM yyyy.	nedjelja	ponedeljak	utorak	srijeda	četvrtak	petak	subota	ned	pon	uto	sre	čet	pet	sub	januar	februar	mart	april	maj	jun	jul	avgust	septembar	oktobar	novembar	decembar	jan	feb	mart	apr	maj	jun	jul	avg	sept	okt	nov	dec	januar	februar	mart	april	maj	jun	jul	avgust	septembar	oktobar	novembar	decembar	jan	feb	mart	apr	maj	jun	jul	avg	sept	okt	nov	dec	n. e.	n. e.	2049	GregorianCalendar	0
sr-Latn-RS	=	sr-Latn
sr-Latn-XK	AM	PM	. 	:	d. M. yyyy.	dddd, d. MMMM yyyy.	HH:mm	HH:mm:ss	dddd, d. MMMM yyyy. HH:mm:ss	d. MMMM	MMMM yyyy.	nedelja	ponedeljak	utorak	sreda	četvrtak	petak	subota	ned	pon	uto	sre	čet	pet	sub	januar	februar	mart	april	maj	jun	jul	avgust	septembar	oktobar	novembar	decembar	jan	feb	mart	apr	maj	jun	jul	avg	sept	okt	nov	dec	januar	februar	mart	april	maj	jun	jul	avgust	septembar	oktobar	novembar	decembar	jan	feb	mart	apr	maj	jun	jul	avg	sept	okt	nov	dec	n. e.	n. e.	2049	GregorianCalendar	0
st	Hoseng	Thapama	-	:	yyyy-MM-dd	yyyy MMMM d, dddd	HH:mm	HH:mm:ss	yyyy MMMM d, dddd HH:mm:ss	MMMM d	yyyy MMMM	Sontaha	Mantaha	Labobedi	Laboraro	Labone	Labohlano	Moqebelo	Son	Mma	Bed	Rar	Ne	Hla	Moq	Pherekgong	Hlakola	Hlakubele	Mmesa	Motsheanong	Phupjane	Phupu	Phato	Lwetse	Mphalane	Pudungwana	Tshitwe	Phe	Kol	Ube	Mme	Mot	Jan	Upu	Pha	Leo	Mph	Pun	Tsh	Pherekgong	Hlakola	Hlakubele	Mmesa	Motsheanong	Phupjane	Phupu	Phato	Lwetse	Mphalane	Pudungwana	Tshitwe	Phe	Kol	Ube	Mme	Mot	Jan	Upu	Pha	Leo	Mph	Pun	Tsh	CE	CE	2049	GregorianCalendar	0
st-LS	Hoseng	Thapama	-	:	yyyy-MM-dd	yyyy MMMM d, dddd	h:mm tt	h:mm:ss tt	yyyy MMMM d, dddd h:mm:ss tt	MMMM d	yyyy MMMM	Sontaha	Mantaha	Labobedi	Laboraro	Labone	Labohlano	Moqebelo	Son	Mma	Bed	Rar	Ne	Hla	Moq	Pherekgong	Hlakola	Hlakubele	Mmesa	Motsheanong	Phupjane	Phupu	Phato	Lwetse	Mphalane	Pudungwana	Tshitwe	Phe	Kol	Ube	Mme	Mot	Jan	Upu	Pha	Leo	Mph	Pun	Tsh	Pherekgong	Hlakola	Hlakubele	Mmesa	Motsheanong	Phupjane	Phupu	Phato	Lwetse	Mphalane	Pudungwana	Tshitwe	Phe	Kol	Ube	Mme	Mot	Jan	Upu	Pha	Leo	Mph	Pun	Tsh	CE	CE	2049	GregorianCalendar	0
st-ZA	=	st
su	AM	PM	/	.	d/M/yyyy	dddd, d MMMM yyyy	H.mm	H.mm.ss	dddd, d MMMM yyyy H.mm.ss	d MMMM	MMMM yyyy	Minggu	Senén	Salasa	Rebo	Kemis	Jumaah	Saptu	Mng	Sen	Sal	Reb	Kem	Jum	Sap	Januari	Pébruari	Maret	April	Méi	Juni	Juli	Agustus	Séptémber	Oktober	Nopémber	Désémber	Jan	Péb	Mar	Apr	Méi	Jun	Jul	Ags	Sép	Okt	Nop	Dés	Januari	Pébruari	Maret	April	Méi	Juni	Juli	Agustus	Séptémber	Oktober	Nopémber	Désémber	Jan	Péb	Mar	Apr	Méi	Jun	Jul	Ags	Sép	Okt	Nop	Dés	M	M	2049	GregorianCalendar	0
su-Latn	=	su
su-Latn-ID	=	su
sv	fm	em	-	:	yyyy-MM-dd	dddd d MMMM yyyy	HH:mm	HH:mm:ss	dddd d MMMM yyyy HH:mm:ss	d MMMM	MMMM yyyy	söndag	måndag	tisdag	onsdag	torsdag	fredag	lördag	sön	mån	tis	ons	tors	fre	lör	januari	februari	mars	april	maj	juni	juli	augusti	september	oktober	november	december	jan.	feb.	mars	apr.	maj	juni	juli	aug.	sep.	okt.	nov.	dec.	januari	februari	mars	april	maj	juni	juli	augusti	september	oktober	november	december	jan.	feb.	mars	apr.	maj	juni	juli	aug.	sep.	okt.	nov.	dec.	e.Kr.	e.Kr.	2049	GregorianCalendar	0
sv-AX	=	sv
sv-FI	=	sv
sv-SE	=	sv
sw	AM	PM	/	:	dd/MM/yyyy	dddd, d MMMM yyyy	HH:mm	HH:mm:ss	dddd, d MMMM yyyy HH:mm:ss	d MMMM	MMMM yyyy	Jumapili	Jumatatu	Jumanne	Jumatano	Alhamisi	Ijumaa	Jumamosi	Jumapili	Jumatatu	Jumanne	Jumatano	Alhamisi	Ijumaa	Jumamosi	Januari	Februari	Machi	Aprili	Mei	Juni	Julai	Agosti	Septemba	Oktoba	Novemba	Desemba	Jan	Feb	Mac	Apr	Mei	Jun	Jul	Ago	Sep	Okt	Nov	Des	Januari	Februari	Machi	Aprili	Mei	Juni	Julai	Agosti	Septemba	Oktoba	Novemba	Desemba	Jan	Feb	Mac	Apr	Mei	Jun	Jul	Ago	Sep	Okt	Nov	Des	BK	BK	2049	GregorianCalendar	0
sw-CD	=	sw
sw-KE	=	sw
sw-TZ	=	sw
sw-UG	=	sw
syr	܏ܩܛ‌	܏ܒܛ‌	-	:	d-MM-yyyy	dddd، d ܒMMMM yyyy	h:mm tt	h:mm:ss tt	dddd، d ܒMMMM yyyy h:mm:ss tt	d ܒMMMM	MMMM yyyy	ܚܕܒܫܒܐ	ܬܪܝܢܒܫܒܐ	ܬܠܬܒܫܒܐ	ܐܪܒܥܒܫܒܐ	ܚܡܫܒܫܒܐ	ܥܪܘܒܬܐ	ܫܒܬܐ	ܚܕ	ܬܪܝܢ	ܬܠܬ	ܐܪܒܥ	ܚܡܫ	ܥܪܘ	ܫܒܬܐ	ܟܢܘܢ ܐܚܪܝܐ	ܫܒܛ	ܐܕܪ	ܢܝܣܢ	ܐܝܪ	ܚܙܝܪܢ	ܬܡܘܙ	ܐܒ	ܐܝܠܘܠ	ܬܫܪܝܢ ܩܕܡܝܐ	ܬܫܪܝܢ ܐܚܪܝܐ	ܟܢܘܢ ܩܕܡܝܐ	ܟܢܘܢ ܒ	ܫܒܛ	ܐܕܪ	ܢܝܣܢ	ܐܝܪ	ܚܙܝܪܢ	ܬܡܘܙ	ܐܒ	ܐܝܠܘܠ	ܬܫܪܝܢ ܐ	ܬܫܪܝܢ ܒ	ܟܢܘܢ ܐ	ܟܢܘܢ ܐܚܪܝܐ	ܫܒܛ	ܐܕܪ	ܢܝܣܢ	ܐܝܪ	ܚܙܝܪܢ	ܬܡܘܙ	ܐܒ	ܐܝܠܘܠ	ܬܫܪܝܢ ܩܕܡܝܐ	ܬܫܪܝܢ ܐܚܪܝܐ	ܟܢܘܢ ܩܕܡܝܐ	ܟܢܘܢ ܒ	ܫܒܛ	ܐܕܪ	ܢܝܣܢ	ܐܝܪ	ܚܙܝܪܢ	ܬܡܘܙ	ܐܒ	ܐܝܠܘܠ	ܬܫܪܝܢ ܐ	ܬܫܪܝܢ ܒ	ܟܢܘܢ ܐ	܏ܫܡ‌	܏ܫܡ‌	2049	GregorianCalendar	4
syr-IQ	=	syr
syr-SY	=	syr
szl	do połedniŏ	po połedniu	-	:	yyyy-MM-dd	yyyy MMMM d, dddd	HH:mm	HH:mm:ss	yyyy MMMM d, dddd HH:mm:ss	MMMM d	yyyy MMMM	niydziela	pyńdziałek	wtorek	strzoda	sztwortek	piōntek	sobota	niydziela	pyńdziałek	wtorek	strzoda	sztwortek	piōntek	sobota	stycznia	lutego	marca	kwietnia	moja	czyrwca	lipca	siyrpnia	września	października	listopada	grudnia	stycznia	lutego	marca	kwietnia	moja	czyrwca	lipca	siyrpnia	września	października	listopada	grudnia	stycznia	lutego	marca	kwietnia	moja	czyrwca	lipca	siyrpnia	września	października	listopada	grudnia	stycznia	lutego	marca	kwietnia	moja	czyrwca	lipca	siyrpnia	września	października	listopada	grudnia	CE	CE	2049	GregorianCalendar	0
szl-PL	=	szl
ta	AM	PM	/	:	d/M/yyyy	dddd, d MMMM, yyyy	h:mm tt	h:mm:ss tt	dddd, d MMMM, yyyy h:mm:ss tt	d MMMM	MMMM yyyy	ஞாயிறு	திங்கள்	செவ்வாய்	புதன்	வியாழன்	வெள்ளி	சனி	ஞாயி.	திங்.	செவ்.	புத.	வியா.	வெள்.	சனி	ஜனவரி	பிப்ரவரி	மார்ச்	ஏப்ரல்	மே	ஜூன்	ஜூலை	ஆகஸ்ட்	செப்டம்பர்	அக்டோபர்	நவம்பர்	டிசம்பர்	ஜன.	பிப்.	மார்.	ஏப்.	மே	ஜூன்	ஜூலை	ஆக.	செப்.	அக்.	நவ.	டிச.	ஜனவரி	பிப்ரவரி	மார்ச்	ஏப்ரல்	மே	ஜூன்	ஜூலை	ஆகஸ்ட்	செப்டம்பர்	அக்டோபர்	நவம்பர்	டிசம்பர்	ஜன.	பிப்.	மார்.	ஏப்.	மே	ஜூன்	ஜூலை	ஆக.	செப்.	அக்.	நவ.	டிச.	கி.பி.	கி.பி.	2049	GregorianCalendar	0
ta-IN	=	ta
ta-LK	AM	PM	/	:	d/M/yyyy	dddd, d MMMM, yyyy	HH:mm	HH:mm:ss	dddd, d MMMM, yyyy HH:mm:ss	d MMMM	MMMM yyyy	ஞாயிறு	திங்கள்	செவ்வாய்	புதன்	வியாழன்	வெள்ளி	சனி	ஞாயி.	திங்.	செவ்.	புத.	வியா.	வெள்.	சனி	ஜனவரி	பிப்ரவரி	மார்ச்	ஏப்ரல்	மே	ஜூன்	ஜூலை	ஆகஸ்ட்	செப்டம்பர்	அக்டோபர்	நவம்பர்	டிசம்பர்	ஜன.	பிப்.	மார்.	ஏப்.	மே	ஜூன்	ஜூலை	ஆக.	செப்.	அக்.	நவ.	டிச.	ஜனவரி	பிப்ரவரி	மார்ச்	ஏப்ரல்	மே	ஜூன்	ஜூலை	ஆகஸ்ட்	செப்டம்பர்	அக்டோபர்	நவம்பர்	டிசம்பர்	ஜன.	பிப்.	மார்.	ஏப்.	மே	ஜூன்	ஜூலை	ஆக.	செப்.	அக்.	நவ.	டிச.	கி.பி.	கி.பி.	2049	GregorianCalendar	0
ta-MY	=	ta
ta-SG	=	ta
te	AM	PM	-	:	dd-MM-yyyy	d, MMMM yyyy, dddd	h:mm tt	h:mm:ss tt	d, MMMM yyyy, dddd h:mm:ss tt	d MMMM	MMMM yyyy	ఆదివారం	సోమవారం	మంగళవారం	బుధవారం	గురువారం	శుక్రవారం	శనివారం	ఆది	సోమ	మంగళ	బుధ	గురు	శుక్ర	శని	జనవరి	ఫిబ్రవరి	మార్చి	ఏప్రిల్	మే	జూన్	జులై	ఆగస్టు	సెప్టెంబర్	అక్టోబర్	నవంబర్	డిసెంబర్	జన	ఫిబ్ర	మార్చి	ఏప్రి	మే	జూన్	జులై	ఆగ	సెప్టెం	అక్టో	నవం	డిసెం	జనవరి	ఫిబ్రవరి	మార్చి	ఏప్రిల్	మే	జూన్	జులై	ఆగస్టు	సెప్టెంబర్	అక్టోబర్	నవంబర్	డిసెంబర్	జన	ఫిబ్ర	మార్చి	ఏప్రి	మే	జూన్	జులై	ఆగ	సెప్టెం	అక్టో	నవం	డిసెం	క్రీశ	క్రీశ	2049	GregorianCalendar	0
te-IN	=	te
teo	Taparachu	Ebongi	/	:	dd/MM/yyyy	dddd, d MMMM yyyy	HH:mm	HH:mm:ss	dddd, d MMMM yyyy HH:mm:ss	MMMM d	MMMM yyyy	Nakaejuma	Nakaebarasa	Nakaare	Nakauni	Nakaung’on	Nakakany	Nakasabiti	Jum	Bar	Aar	Uni	Ung	Kan	Sab	Orara	Omuk	Okwamg’	Odung’el	Omaruk	Omodok’king’ol	Ojola	Opedel	Osokosokoma	Otibar	Olabor	Opoo	Rar	Muk	Kwa	Dun	Mar	Mod	Jol	Ped	Sok	Tib	Lab	Poo	Orara	Omuk	Okwamg’	Odung’el	Omaruk	Omodok’king’ol	Ojola	Opedel	Osokosokoma	Otibar	Olabor	Opoo	Rar	Muk	Kwa	Dun	Mar	Mod	Jol	Ped	Sok	Tib	Lab	Poo	BK	BK	2049	GregorianCalendar	0
teo-KE	=	teo
teo-UG	=	teo
tg	AM	PM	/	:	dd/MM/yyyy	dddd, dd MMMM yyyy	HH:mm	HH:mm:ss	dddd, dd MMMM yyyy HH:mm:ss	d MMMM	MMMM yyyy	Якшанбе	Душанбе	Сешанбе	Чоршанбе	Панҷшанбе	Ҷумъа	Шанбе	Яшб	Дшб	Сшб	Чшб	Пшб	Ҷмъ	Шнб	Январ	Феврал	Март	Апрел	Май	Июн	Июл	Август	Сентябр	Октябр	Ноябр	Декабр	Янв	Фев	Мар	Апр	Май	Июн	Июл	Авг	Сен	Окт	Ноя	Дек	Январ	Феврал	Март	Апрел	Май	Июн	Июл	Август	Сентябр	Октябр	Ноябр	Декабр	Янв	Фев	Мар	Апр	Май	Июн	Июл	Авг	Сен	Окт	Ноя	Дек	ПаМ	ПаМ	2049	GregorianCalendar	0
tg-TJ	=	tg
th	ก่อนเที่ยง	หลังเที่ยง	/	:	d/M/yyyy	ddddที่ d MMMM g yyyy	HH:mm	HH:mm:ss	ddddที่ d MMMM g yyyy HH:mm:ss	d MMMM	MMMM yyyy	วันอาทิตย์	วันจันทร์	วันอังคาร	วันพุธ	วันพฤหัสบดี	วันศุกร์	วันเสาร์	อา.	จ.	อ.	พ.	พฤ.	ศ.	ส.	มกราคม	กุมภาพันธ์	มีนาคม	เมษายน	พฤษภาคม	มิถุนายน	กรกฎาคม	สิงหาคม	กันยายน	ตุลาคม	พฤศจิกายน	ธันวาคม	ม.ค.	ก.พ.	มี.ค.	เม.ย.	พ.ค.	มิ.ย.	ก.ค.	ส.ค.	ก.ย.	ต.ค.	พ.ย.	ธ.ค.	มกราคม	กุมภาพันธ์	มีนาคม	เมษายน	พฤษภาคม	มิถุนายน	กรกฎาคม	สิงหาคม	กันยายน	ตุลาคม	พฤศจิกายน	ธันวาคม	ม.ค.	ก.พ.	มี.ค.	เม.ย.	พ.ค.	มิ.ย.	ก.ค.	ส.ค.	ก.ย.	ต.ค.	พ.ย.	ธ.ค.	พ.ศ.	พ.ศ.	2572	ThaiBuddhistCalendar	0
th-TH	=	th
ti	ቅ.ቀ.	ድ.ቀ.	/	:	M/d/yyyy	dddd፣ d MMMM yyyy	h:mm tt	h:mm:ss tt	dddd፣ d MMMM yyyy h:mm:ss tt	d MMMM	MMMM yyyy	ሰንበት	ሰኑይ	ሰሉስ	ረቡዕ	ሓሙስ	ዓርቢ	ቀዳም	ሰን	ሰኑ	ሰሉ	ረቡ	ሓሙ	ዓር	ቀዳ	ጥሪ	ለካቲት	መጋቢት	ሚያዝያ	ጉንበት	ሰነ	ሓምለ	ነሓሰ	መስከረም	ጥቅምቲ	ሕዳር	ታሕሳስ	ጥሪ	ለካ	መጋ	ሚያ	ግን	ሰነ	ሓም	ነሓ	መስ	ጥቅ	ሕዳ	ታሕ	ጥሪ	ለካቲት	መጋቢት	ሚያዝያ	ጉንበት	ሰነ	ሓምለ	ነሓሰ	መስከረም	ጥቅምቲ	ሕዳር	ታሕሳስ	ጥሪ	ለካ	መጋ	ሚያ	ግን	ሰነ	ሓም	ነሓ	መስ	ጥቅ	ሕዳ	ታሕ	ዓ/ም	ዓ/ም	2049	GregorianCalendar	0
ti-ER	=	ti
ti-ET	=	ti
tk	günortadan öň	günortadan soň	.	:	dd.MM.yyyy	d MMMM yyyy dddd	HH:mm	HH:mm:ss	d MMMM yyyy dddd HH:mm:ss	d MMMM	MMMM yyyy	Ýekşenbe	Duşenbe	Sişenbe	Çarşenbe	Penşenbe	Anna	Şenbe	Ýek	Duş	Siş	Çar	Pen	Ann	Şen	Ýanwar	Fewral	Mart	Aprel	Maý	Iýun	Iýul	Awgust	Sentýabr	Oktýabr	Noýabr	Dekabr	Ýan	Few	Mar	Apr	Maý	Iýun	Iýul	Awg	Sen	Okt	Noý	Dek	ýanwar	fewral	mart	aprel	maý	iýun	iýul	awgust	sentýabr	oktýabr	noýabr	dekabr	ýan	few	mart	apr	maý	iýun	iýul	awg	sen	okt	noý	dek	B.e.	B.e.	2049	GregorianCalendar	1
tk-TM	=	tk
tn	AM	PM	-	:	yyyy-MM-dd	yyyy MMMM d, dddd	HH:mm	HH:mm:ss	yyyy MMMM d, dddd HH:mm:ss	MMMM d	yyyy MMMM	Tshipi	Mosupologo	Labobedi	Laboraro	Labone	Labotlhano	Matlhatso	Tsh	Mos	Labb	Labr	Labn	Labt	Mat	Ferikgong	Tlhakole	Mopitlo	Moranang	Motsheganang	Seetebosigo	Phukwi	Phatwe	Lwetse	Diphalane	Ngwanatsele	Sedimonthole	Fer	Tlh	Mop	Mor	Mot	See	Phu	Pha	Lwe	Dip	Ngw	Sed	Ferikgong	Tlhakole	Mopitlo	Moranang	Motsheganang	Seetebosigo	Phukwi	Phatwe	Lwetse	Diphalane	Ngwanatsele	Sedimonthole	Fer	Tlh	Mop	Mor	Mot	See	Phu	Pha	Lwe	Dip	Ngw	Sed	AD	AD	2049	GregorianCalendar	0
tn-BW	=	tn
tn-ZA	=	tn
to	hengihengi	efiafi	/	:	d/M/yyyy	dddd d MMMM yyyy	h:mm tt	h:mm:ss tt	dddd d MMMM yyyy h:mm:ss tt	d MMMM	MMMM yyyy	Sāpate	Mōnite	Tūsite	Pulelulu	Tuʻapulelulu	Falaite	Tokonaki	Sāp	Mōn	Tūs	Pul	Tuʻa	Fal	Tok	Sānuali	Fēpueli	Maʻasi	ʻEpeleli	Mē	Sune	Siulai	ʻAokosi	Sepitema	ʻOkatopa	Nōvema	Tīsema	Sān	Fēp	Maʻa	ʻEpe	Mē	Sun	Siu	ʻAok	Sēp	ʻOka	Nōv	Tīs	Sānuali	Fēpueli	Maʻasi	ʻEpeleli	Mē	Sune	Siulai	ʻAokosi	Sēpitema	ʻOkatopa	Nōvema	Tīsema	Sān	Fēp	Maʻa	ʻEpe	Mē	Sun	Siu	ʻAok	Sēp	ʻOka	Nōv	Tīs	TS	TS	2049	GregorianCalendar	1
to-TO	=	to
tok	pi open suno	pi pini suno	-	:	yyyy-MM-dd	yyyy MMMM d, dddd	HH:mm	HH:mm:ss	yyyy MMMM d, dddd HH:mm:ss	MMMM d	yyyy MMMM	suno esun #7	suno esun #1	suno esun #2	suno esun #3	suno esun #4	suno esun #5	suno esun #6	suno esun #7	suno esun #1	suno esun #2	suno esun #3	suno esun #4	suno esun #5	suno esun #6	mun #1	mun #2	mun #3	mun #4	mun #5	mun #6	mun #7	mun #8	mun #9	mun #10	mun #11	mun #12	mun #1	mun #2	mun #3	mun #4	mun #5	mun #6	mun #7	mun #8	mun #9	mun #10	mun #11	mun #12	mun #1	mun #2	mun #3	mun #4	mun #5	mun #6	mun #7	mun #8	mun #9	mun #10	mun #11	mun #12	mun #1	mun #2	mun #3	mun #4	mun #5	mun #6	mun #7	mun #8	mun #9	mun #10	mun #11	mun #12	CE	CE	2049	GregorianCalendar	20
tok-001	=	tok
tr	ÖÖ	ÖS	.	:	d.MM.yyyy	d MMMM yyyy dddd	HH:mm	HH:mm:ss	d MMMM yyyy dddd HH:mm:ss	d MMMM	MMMM yyyy	Pazar	Pazartesi	Salı	Çarşamba	Perşembe	Cuma	Cumartesi	Paz	Pzt	Sal	Çar	Per	Cum	Cmt	Ocak	Şubat	Mart	Nisan	Mayıs	Haziran	Temmuz	Ağustos	Eylül	Ekim	Kasım	Aralık	Oca	Şub	Mar	Nis	May	Haz	Tem	Ağu	Eyl	Eki	Kas	Ara	Ocak	Şubat	Mart	Nisan	Mayıs	Haziran	Temmuz	Ağustos	Eylül	Ekim	Kasım	Aralık	Oca	Şub	Mar	Nis	May	Haz	Tem	Ağu	Eyl	Eki	Kas	Ara	MS	MS	2049	GregorianCalendar	0
tr-CY	ÖÖ	ÖS	.	:	d.MM.yyyy	d MMMM yyyy dddd	h:mm tt	h:mm:ss tt	d MMMM yyyy dddd h:mm:ss tt	d MMMM	MMMM yyyy	Pazar	Pazartesi	Salı	Çarşamba	Perşembe	Cuma	Cumartesi	Paz	Pzt	Sal	Çar	Per	Cum	Cmt	Ocak	Şubat	Mart	Nisan	Mayıs	Haziran	Temmuz	Ağustos	Eylül	Ekim	Kasım	Aralık	Oca	Şub	Mar	Nis	May	Haz	Tem	Ağu	Eyl	Eki	Kas	Ara	Ocak	Şubat	Mart	Nisan	Mayıs	Haziran	Temmuz	Ağustos	Eylül	Ekim	Kasım	Aralık	Oca	Şub	Mar	Nis	May	Haz	Tem	Ağu	Eyl	Eki	Kas	Ara	MS	MS	2049	GregorianCalendar	0
tr-TR	=	tr
tt	AM	PM	.	:	dd.MM.yyyy	d MMMM, yyyy 'ел', dddd	H:mm	H:mm:ss	d MMMM, yyyy 'ел', dddd H:mm:ss	d MMMM	yyyy 'ел', MMMM	якшәмбе	дүшәмбе	сишәмбе	чәршәмбе	пәнҗешәмбе	җомга	шимбә	якш.	дүш.	сиш.	чәр.	пәнҗ.	җом.	шим.	гыйнвар	февраль	март	апрель	май	июнь	июль	август	сентябрь	октябрь	ноябрь	декабрь	гыйн.	фев.	мар.	апр.	май	июнь	июль	авг.	сент.	окт.	нояб.	дек.	гыйнвар	февраль	март	апрель	май	июнь	июль	август	сентябрь	октябрь	ноябрь	декабрь	гыйн.	фев.	мар.	апр.	май	июнь	июль	авг.	сент.	окт.	нояб.	дек.	милади	милади	2049	GregorianCalendar	0
tt-RU	=	tt
twq	Subbaahi	Zaarikay b	/	:	d/M/yyyy	dddd d MMMM yyyy	HH:mm	HH:mm:ss	dddd d MMMM yyyy HH:mm:ss	MMMM d	yyyy MMMM	Alhadi	Atinni	Atalaata	Alarba	Alhamiisa	Alzuma	Asibti	Alh	Ati	Ata	Ala	Alm	Alz	Asi	Žanwiye	Feewiriye	Marsi	Awiril	Me	Žuweŋ	Žuyye	Ut	Sektanbur	Oktoobur	Noowanbur	Deesanbur	Žan	Fee	Mar	Awi	Me	Žuw	Žuy	Ut	Sek	Okt	Noo	Dee	Žanwiye	Feewiriye	Marsi	Awiril	Me	Žuweŋ	Žuyye	Ut	Sektanbur	Oktoobur	Noowanbur	Deesanbur	Žan	Fee	Mar	Awi	Me	Žuw	Žuy	Ut	Sek	Okt	Noo	Dee	IZ	IZ	2049	GregorianCalendar	0
twq-NE	=	twq
tzm	Zdat azal	Ḍeffir aza	/	:	dd/MM/yyyy	dddd, d MMMM yyyy	HH:mm	HH:mm:ss	dddd, d MMMM yyyy HH:mm:ss	MMMM d	MMMM yyyy	Asamas	Aynas	Asinas	Akras	Akwas	Asimwas	Asiḍyas	Asa	Ayn	Asn	Akr	Akw	Asm	Asḍ	Yennayer	Yebrayer	Mars	Ibrir	Mayyu	Yunyu	Yulyuz	Ɣuct	Cutanbir	Kṭuber	Nwanbir	Dujanbir	Yen	Yeb	Mar	Ibr	May	Yun	Yul	Ɣuc	Cut	Kṭu	Nwa	Duj	Yennayer	Yebrayer	Mars	Ibrir	Mayyu	Yunyu	Yulyuz	Ɣuct	Cutanbir	Kṭuber	Nwanbir	Dujanbir	Yen	Yeb	Mar	Ibr	May	Yun	Yul	Ɣuc	Cut	Kṭu	Nwa	Duj	ḌƐ	ḌƐ	2049	GregorianCalendar	0
tzm-MA	=	tzm
ug	چۈشتىن بۇرۇن	چۈشتىن كېيىن	-	:	yyyy-MM-dd	yyyy d-MMMM، dddd	HH:mm	HH:mm:ss	yyyy d-MMMM، dddd HH:mm:ss	d-MMMM	yyyy MMMM	يەكشەنبە	دۈشەنبە	سەيشەنبە	چارشەنبە	پەيشەنبە	جۈمە	شەنبە	يە	دۈ	سە	چا	پە	جۈ	شە	يانۋار	فېۋرال	مارت	ئاپرېل	ماي	ئىيۇن	ئىيۇل	ئاۋغۇست	سېنتەبىر	ئۆكتەبىر	نويابىر	دېكابىر	يانۋار	فېۋرال	مارت	ئاپرېل	ماي	ئىيۇن	ئىيۇل	ئاۋغۇست	سېنتەبىر	ئۆكتەبىر	نويابىر	دېكابىر	يانۋار	فېۋرال	مارت	ئاپرېل	ماي	ئىيۇن	ئىيۇل	ئاۋغۇست	سېنتەبىر	ئۆكتەبىر	نويابىر	دېكابىر	يانۋار	فېۋرال	مارت	ئاپرېل	ماي	ئىيۇن	ئىيۇل	ئاۋغۇست	سېنتەبىر	ئۆكتەبىر	نويابىر	دېكابىر	مىلادىيە	مىلادىيە	2049	GregorianCalendar	0
ug-CN	=	ug
uk	дп	пп	.	:	dd.MM.yyyy	dddd, d MMMM yyyy 'р'.	HH:mm	HH:mm:ss	dddd, d MMMM yyyy 'р'. HH:mm:ss	d MMMM	MMMM yyyy 'р'.	неділя	понеділок	вівторок	середа	четвер	пʼятниця	субота	нд	пн	вт	ср	чт	пт	сб	січень	лютий	березень	квітень	травень	червень	липень	серпень	вересень	жовтень	листопад	грудень	січ.	лют.	бер.	квіт.	трав.	черв.	лип.	серп.	вер.	жовт.	лист.	груд.	січня	лютого	березня	квітня	травня	червня	липня	серпня	вересня	жовтня	листопада	грудня	січ.	лют.	бер.	квіт.	трав.	черв.	лип.	серп.	вер.	жовт.	лист.	груд.	н. е.	н.е.	2049	GregorianCalendar	1
uk-UA	=	uk
ur	AM	PM	/	:	d/M/yyyy	dddd، d MMMM، yyyy	h:mm tt	h:mm:ss tt	dddd، d MMMM، yyyy h:mm:ss tt	d MMMM	MMMM yyyy	اتوار	پیر	منگل	بدھ	جمعرات	جمعہ	ہفتہ	اتوار	پیر	منگل	بدھ	جمعرات	جمعہ	ہفتہ	جنوری	فروری	مارچ	اپریل	مئی	جون	جولائی	اگست	ستمبر	اکتوبر	نومبر	دسمبر	جنوری	فروری	مارچ	اپریل	مئی	جون	جولائی	اگست	ستمبر	اکتوبر	نومبر	دسمبر	جنوری	فروری	مارچ	اپریل	مئی	جون	جولائی	اگست	ستمبر	اکتوبر	نومبر	دسمبر	جنوری	فروری	مارچ	اپریل	مئی	جون	جولائی	اگست	ستمبر	اکتوبر	نومبر	دسمبر	عیسوی	عیسوی	2049	GregorianCalendar	0
ur-IN	=	ur
ur-PK	=	ur
uz	TO	TK	/	:	dd/MM/yyyy	dddd, d-MMMM, yyyy	HH:mm	HH:mm:ss	dddd, d-MMMM, yyyy HH:mm:ss	d-MMMM	MMMM, yyyy	yakshanba	dushanba	seshanba	chorshanba	payshanba	juma	shanba	Yak	Dush	Sesh	Chor	Pay	Jum	Shan	Yanvar	Fevral	Mart	Aprel	May	Iyun	Iyul	Avgust	Sentabr	Oktabr	Noyabr	Dekabr	Yan	Fev	Mar	Apr	May	Iyn	Iyl	Avg	Sen	Okt	Noy	Dek	yanvar	fevral	mart	aprel	may	iyun	iyul	avgust	sentabr	oktabr	noyabr	dekabr	yan	fev	mar	apr	may	iyn	iyl	avg	sen	okt	noy	dek	milodiy	milodiy	2049	GregorianCalendar	1
uz-Arab	AM	PM	-	:	g yyyy-MM-dd	g yyyy MMMM d, dddd	HH:mm	HH:mm:ss	g yyyy MMMM d, dddd HH:mm:ss	MMMM d	g yyyy MMMM	یکشنبه	دوشنبه	سه‌شنبه	چهارشنبه	پنجشنبه	جمعه	شنبه	ی.	د.	س.	چ.	پ.	ج.	ش.	Farvardin	Ordibehesht	Khordad	Tir	Mordad	Shahrivar	Mehr	Aban	Azar	Dey	Bahman	Esfand	Farvardin	Ordibehesht	Khordad	Tir	Mordad	Shahrivar	Mehr	Aban	Azar	Dey	Bahman	Esfand	Farvardin	Ordibehesht	Khordad	Tir	Mordad	Shahrivar	Mehr	Aban	Azar	Dey	Bahman	Esfand	Farvardin	Ordibehesht	Khordad	Tir	Mordad	Shahrivar	Mehr	Aban	Azar	Dey	Bahman	Esfand	AP	AP	1410	PersianCalendar	0
uz-Arab-AF	AM	PM	-	:	g yyyy-MM-dd	g yyyy MMMM d, dddd	HH:mm	HH:mm:ss	g yyyy MMMM d, dddd HH:mm:ss	MMMM d	yyyy MMMM	یکشنبه	دوشنبه	سه‌شنبه	چهارشنبه	پنجشنبه	جمعه	شنبه	ی.	د.	س.	چ.	پ.	ج.	ش.	Farvardin	Ordibehesht	Khordad	Tir	Mordad	Shahrivar	Mehr	Aban	Azar	Dey	Bahman	Esfand	Farvardin	Ordibehesht	Khordad	Tir	Mordad	Shahrivar	Mehr	Aban	Azar	Dey	Bahman	Esfand	Farvardin	Ordibehesht	Khordad	Tir	Mordad	Shahrivar	Mehr	Aban	Azar	Dey	Bahman	Esfand	Farvardin	Ordibehesht	Khordad	Tir	Mordad	Shahrivar	Mehr	Aban	Azar	Dey	Bahman	Esfand	AP	AP	1410	PersianCalendar	0
uz-Cyrl	ТО	ТК	/	:	dd/MM/yyyy	dddd, dd MMMM, yyyy	HH:mm	HH:mm:ss	dddd, dd MMMM, yyyy HH:mm:ss	d MMMM	MMMM, yyyy	якшанба	душанба	сешанба	чоршанба	пайшанба	жума	шанба	якш	душ	сеш	чор	пай	жум	шан	январ	феврал	март	апрел	май	июн	июл	август	сентябр	октябр	ноябр	декабр	янв	фев	мар	апр	май	июн	июл	авг	сен	окт	ноя	дек	январ	феврал	март	апрел	май	июн	июл	август	сентябр	октябр	ноябр	декабр	янв	фев	мар	апр	май	июн	июл	авг	сен	окт	ноя	дек	милодий	милодий	2049	GregorianCalendar	0
uz-Cyrl-UZ	=	uz-Cyrl
uz-Latn	=	uz
uz-Latn-UZ	=	uz
vai	AM	PM	/	:	dd/MM/yyyy	dddd, d MMMM yyyy	h:mm tt	h:mm:ss tt	dddd, d MMMM yyyy h:mm:ss tt	MMMM d	MMMM yyyy	ꕞꕌꔵ	ꗳꗡꘉ	ꕚꕞꕚ	ꕉꕞꕒ	ꕉꔤꕆꕢ	ꕉꔤꕀꕮ	ꔻꔬꔳ	ꕞꕌꔵ	ꗳꗡꘉ	ꕚꕞꕚ	ꕉꕞꕒ	ꕉꔤꕆꕢ	ꕉꔤꕀꕮ	ꔻꔬꔳ	ꖨꖕ ꕪꕴ ꔞꔀꕮꕊ	ꕒꕡꖝꖕ	ꕾꖺ	ꖢꖕ	ꖑꕱ	ꖱꘋ	ꖱꕞꔤ	ꗛꔕ	ꕢꕌ	ꕭꖃ	ꔞꘋꕔꕿ ꕸꖃꗏ	ꖨꖕ ꕪꕴ ꗏꖺꕮꕊ	ꖨꖕꔞ	ꕒꕡ	ꕾꖺ	ꖢꖕ	ꖑꕱ	ꖱꘋ	ꖱꕞ	ꗛꔕ	ꕢꕌ	ꕭꖃ	ꔞꘋ	ꖨꖕꗏ	ꖨꖕ ꕪꕴ ꔞꔀꕮꕊ	ꕒꕡꖝꖕ	ꕾꖺ	ꖢꖕ	ꖑꕱ	ꖱꘋ	ꖱꕞꔤ	ꗛꔕ	ꕢꕌ	ꕭꖃ	ꔞꘋꕔꕿ ꕸꖃꗏ	ꖨꖕ ꕪꕴ ꗏꖺꕮꕊ	ꖨꖕꔞ	ꕒꕡ	ꕾꖺ	ꖢꖕ	ꖑꕱ	ꖱꘋ	ꖱꕞ	ꗛꔕ	ꕢꕌ	ꕭꖃ	ꔞꘋ	ꖨꖕꗏ	CE	CE	2049	GregorianCalendar	4
vai-Latn	AM	PM	/	:	dd/MM/yyyy	dddd, d MMMM yyyy	h:mm tt	h:mm:ss tt	dddd, d MMMM yyyy h:mm:ss tt	MMMM d	yyyy MMMM	lahadi	tɛɛnɛɛ	talata	alaba	aimisa	aijima	siɓiti	lahadi	tɛɛnɛɛ	talata	alaba	aimisa	aijima	siɓiti	M01	M02	M03	M04	M05	M06	M07	M08	M09	M10	M11	M12	M01	M02	M03	M04	M05	M06	M07	M08	M09	M10	M11	M12	M01	M02	M03	M04	M05	M06	M07	M08	M09	M10	M11	M12	M01	M02	M03	M04	M05	M06	M07	M08	M09	M10	M11	M12	CE	CE	2049	GregorianCalendar	0
vai-Latn-LR	=	vai-Latn
vai-Vaii	=	vai
vai-Vaii-LR	=	vai
vec	AM	PM	/	:	dd/MM/yyyy	dddd d MMMM yyyy	HH:mm	HH:mm:ss	dddd d MMMM yyyy HH:mm:ss	d MMMM	MMMM yyyy	doménega	luni	marti	mèrcore	zoba	vènare	sabo	dom	lun	mar	mer	zob	vèn	sab	jenaro	febraro	marso	aprile	majo	jugno	lujo	agosto	setenbre	otobre	novenbre	dezenbre	jen	feb	mar	apr	maj	jug	luj	ago	set	oto	nov	dez	jenaro	febraro	marso	aprile	majo	jugno	lujo	agosto	setenbre	otobre	novenbre	dezenbre	jen	feb	mar	apr	maj	jug	luj	ago	set	oto	nov	dez	d.C.	d.C.	2049	GregorianCalendar	0
vec-IT	=	vec
vi	SA	CH	/	:	d/M/yyyy	dddd, d MMMM, yyyy	HH:mm	HH:mm:ss	dddd, d MMMM, yyyy HH:mm:ss	d MMMM	MMMM 'năm' yyyy	Chủ Nhật	Thứ Hai	Thứ Ba	Thứ Tư	Thứ Năm	Thứ Sáu	Thứ Bảy	CN	Th 2	Th 3	Th 4	Th 5	Th 6	Th 7	Tháng 1	Tháng 2	Tháng 3	Tháng 4	Tháng 5	Tháng 6	Tháng 7	Tháng 8	Tháng 9	Tháng 10	Tháng 11	Tháng 12	Tháng 1	Tháng 2	Tháng 3	Tháng 4	Tháng 5	Tháng 6	Tháng 7	Tháng 8	Tháng 9	Tháng 10	Tháng 11	Tháng 12	tháng 1	tháng 2	tháng 3	tháng 4	tháng 5	tháng 6	tháng 7	tháng 8	tháng 9	tháng 10	tháng 11	tháng 12	thg 1	thg 2	thg 3	thg 4	thg 5	thg 6	thg 7	thg 8	thg 9	thg 10	thg 11	thg 12	SCN	CN	2049	GregorianCalendar	21
vi-VN	=	vi
vmw	vaasisu	makaaripi	-	:	yyyy-MM-dd	yyyy MMMM d, dddd	HH:mm	HH:mm:ss	yyyy MMMM d, dddd HH:mm:ss	MMMM d	yyyy MMMM	ettiminku	nihiku noolempwa	namaanli	namararu	namaxexe	namathanu	esaabadu	ettiminku	nihiku noolempwa	namaanli	namararu	namaxexe	namathanu	esaabadu	janeiru	fevereiru	marsu	abril	maiu	junyu	julyu	agostu	setembru	outubru	novembru	dezembru	janeiru	fevereiru	marsu	abril	maiu	junyu	julyu	agostu	setembru	outubru	novembru	dezembru	janeiru	fevereiru	marsu	abril	maiu	junyu	julyu	agostu	setembru	outubru	novembru	dezembru	janeiru	fevereiru	marsu	abril	maiu	junyu	julyu	agostu	setembru	outubru	novembru	dezembru	CE	CE	2049	GregorianCalendar	16
vmw-MZ	=	vmw
vun	=	jmc
vun-TZ	=	jmc
wae	AM	PM	-	:	yyyy-MM-dd	dddd, d. MMMM yyyy	HH:mm	HH:mm:ss	dddd, d. MMMM yyyy HH:mm:ss	MMMM d	yyyy MMMM	Sunntag	Mäntag	Zištag	Mittwuč	Fróntag	Fritag	Samštag	Sun	Män	Ziš	Mit	Fró	Fri	Sam	Jenner	Hornig	Märze	Abrille	Meije	Bráčet	Heiwet	Öigšte	Herbštmánet	Wímánet	Wintermánet	Chrištmánet	Jen	Hor	Mär	Abr	Mei	Brá	Hei	Öig	Her	Wím	Win	Chr	Jenner	Hornig	Märze	Abrille	Meije	Bráčet	Heiwet	Öigšte	Herbštmánet	Wímánet	Wintermánet	Chrištmánet	Jen	Hor	Mär	Abr	Mei	Brá	Hei	Öig	Her	Wím	Win	Chr	n. Chr	n. Chr	2049	GregorianCalendar	0
wae-CH	=	wae
wo	Sub	Ngo	-	:	dd-MM-yyyy	dddd, d MMM, yyyy	HH:mm	HH:mm:ss	dddd, d MMM, yyyy HH:mm:ss	d MMMM	MMMM yyyy	Dibéer	Altine	Talaata	Àlarba	Alxamis	Àjjuma	Aseer	Dib	Alt	Tal	Àla	Alx	Àjj	Ase	Samwiyee	Fewriyee	Mars	Awril	Mee	Suwe	Sulet	Ut	Sàttumbar	Oktoobar	Nowàmbar	Desàmbar	Sam	Few	Mar	Awr	Mee	Suw	Sul	Ut	Sàt	Okt	Now	Des	Samwiyee	Fewriyee	Mars	Awril	Mee	Suwe	Sulet	Ut	Sàttumbar	Oktoobar	Nowàmbar	Desàmbar	Sam	Few	Mar	Awr	Mee	Suw	Sul	Ut	Sàt	Okt	Now	Des	AD	AD	2049	GregorianCalendar	0
wo-SN	=	wo
xh	AM	PM	/	:	M/d/yyyy	dddd, MMMM d, yyyy	HH:mm	HH:mm:ss	dddd, MMMM d, yyyy HH:mm:ss	MMMM d	MMMM yyyy	Cawe	Mvulo	Lwesibini	Lwesithathu	Lwesine	Lwesihlanu	Mgqibelo	Caw	Mvu	Bin	Tha	Sin	Hla	Mgq	Janyuwari	Februwari	Matshi	Epreli	Meyi	Juni	Julayi	Agasti	Septemba	Okthoba	Novemba	Disemba	Jan	Feb	Mat	Epr	Mey	Jun	Jul	Aga	Sep	Okt	Nov	Dis	Janyuwari	Februwari	Matshi	Epreli	Meyi	Juni	Julayi	Agasti	Septemba	Okthobha	Novemba	Disemba	Jan	Feb	Mat	Epr	Mey	Jun	Jul	Aga	Sept	Okt	Nov	Dis	AD	AD	2049	GregorianCalendar	1
xh-ZA	=	xh
xnr	भ्यागा	दपेहरा/संजा	/	:	d/M/yyyy	dddd, d MMMM yyyy	h:mm tt	h:mm:ss tt	dddd, d MMMM yyyy h:mm:ss tt	d MMMM	MMMM yyyy	तोआर	सोआर	मंगलवार	बुधवार	वीरवार	शुक्करवार	शनिच्चरवार	तोआर	सोआर	मंगल	बुध	वीर	शुक्कर	शनि	जनवरी	फ़रवरी	मार्च	अप्रैल	मई	जून	जुलाई	अगस्त	सितंबर	अक्तूबर	नवंबर	दिसंबर	जन॰	फ़र॰	मार्च	अप्रैल	मई	जून	जुल॰	अग॰	सित॰	अक्तू॰	नव॰	दिस॰	जनवरी	फ़रवरी	मार्च	अप्रैल	मई	जून	जुलाई	अगस्त	सितंबर	अक्तूबर	नवंबर	दिसंबर	जन॰	फ़र॰	मार्च	अप्रैल	मई	जून	जुल॰	अग॰	सित॰	अक्तू॰	नव॰	दिस॰	ईस्वी	ईस्वी	2049	GregorianCalendar	0
xnr-IN	=	xnr
xog	Munkyo	Eigulo	/	:	dd/MM/yyyy	dddd, d MMMM yyyy	HH:mm	HH:mm:ss	dddd, d MMMM yyyy HH:mm:ss	MMMM d	MMMM yyyy	Sabiiti	Balaza	Owokubili	Owokusatu	Olokuna	Olokutaanu	Olomukaaga	Sabi	Bala	Kubi	Kusa	Kuna	Kuta	Muka	Janwaliyo	Febwaliyo	Marisi	Apuli	Maayi	Juuni	Julaayi	Agusito	Sebuttemba	Okitobba	Novemba	Desemba	Jan	Feb	Mar	Apu	Maa	Juu	Jul	Agu	Seb	Oki	Nov	Des	Janwaliyo	Febwaliyo	Marisi	Apuli	Maayi	Juuni	Julaayi	Agusito	Sebuttemba	Okitobba	Novemba	Desemba	Jan	Feb	Mar	Apu	Maa	Juu	Jul	Agu	Seb	Oki	Nov	Des	AF	AF	2049	GregorianCalendar	0
xog-UG	=	xog
yav	kiɛmɛ́ɛm	kisɛ́ndɛ	/	:	d/M/yyyy	dddd d MMMM yyyy	HH:mm	HH:mm:ss	dddd d MMMM yyyy HH:mm:ss	MMMM d	yyyy MMMM	sɔ́ndiɛ	móndie	muányáŋmóndie	metúkpíápɛ	kúpélimetúkpiapɛ	feléte	séselé	sd	md	mw	et	kl	fl	ss	pikítíkítie, oólí ú kutúan	siɛyɛ́, oóli ú kándíɛ	ɔnsúmbɔl, oóli ú kátátúɛ	mesiŋ, oóli ú kénie	ensil, oóli ú kátánuɛ	ɔsɔn	efute	pisuyú	imɛŋ i puɔs	imɛŋ i putúk,oóli ú kátíɛ	makandikɛ	pilɔndɔ́	o.1	o.2	o.3	o.4	o.5	o.6	o.7	o.8	o.9	o.10	o.11	o.12	pikítíkítie, oólí ú kutúan	siɛyɛ́, oóli ú kándíɛ	ɔnsúmbɔl, oóli ú kátátúɛ	mesiŋ, oóli ú kénie	ensil, oóli ú kátánuɛ	ɔsɔn	efute	pisuyú	imɛŋ i puɔs	imɛŋ i putúk,oóli ú kátíɛ	makandikɛ	pilɔndɔ́	o.1	o.2	o.3	o.4	o.5	o.6	o.7	o.8	o.9	o.10	o.11	o.12	+J.C.	+J.C.	2049	GregorianCalendar	4
yav-CM	=	yav
yi	פֿאַרמיטאָג	נאָכמיטאָג	/	:	dd/MM/yyyy	dddd, dטן MMMM yyyy	HH:mm	HH:mm:ss	dddd, dטן MMMM yyyy HH:mm:ss	MMMM d	yyyy MMMM	זונטיק	מאָנטיק	דינסטיק	מיטוואך	דאנערשטיק	פֿרײַטיק	שבת	זונטיק	מאָנטיק	דינסטיק	מיטוואך	דאנערשטיק	פֿרײַטיק	שבת	יאַנואַר	פֿעברואַר	מערץ	אַפּריל	מיי	יוני	יולי	אויגוסט	סעפּטעמבער	אקטאבער	נאוועמבער	דעצעמבער	יאַנ	פֿעב	מערץ	אַפּר	מיי	יוני	יולי	אויג	סעפּ	אקט	נאוו	דעצ	יאַנואַר	פֿעברואַר	מערץ	אַפּריל	מיי	יוני	יולי	אויגוסט	סעפּטעמבער	אקטאבער	נאוועמבער	דעצעמבער	יאַנואַר	פֿעברואַר	מערץ	אַפּריל	מיי	יוני	יולי	אויגוסט	סעפּטעמבער	אקטאבער	נאוועמבער	דעצעמבער	CE	CE	2049	GregorianCalendar	1
yi-UA	=	yi
yo	Àárọ̀	Ọ̀sán	/	:	d/M/yyyy	dddd, d MMM yyyy	H:m	H:m:s	dddd, d MMM yyyy H:m:s	d MMMM	MMMM yyyy	Àìkú	Ajé	Ìsẹ́gun	Ọjọ́rú	Ọjọ́bọ	Ẹtì	Àbámẹ́ta	Àìkú	Ajé	Ìsẹ́gun	Ọjọ́rú	Ọjọ́bọ	Ẹtì	Àbámẹ́ta	Oṣù Ṣẹ́rẹ́	Oṣù Èrèlè	Oṣù Ẹrẹ̀nà	Oṣù Ìgbé	Oṣù Ẹ̀bibi	Oṣù Òkúdu	Oṣù Agẹmọ	Oṣù Ògún	Oṣù Owewe	Oṣù Ọ̀wàrà	Oṣù Bélú	Oṣù Ọ̀pẹ̀	Oṣù Ṣẹ́rẹ́	Oṣù Èrèlè	Oṣù Ẹrẹ̀nà	Oṣù Ìgbé	Oṣù Ẹ̀bibi	Oṣù Òkúdu	Oṣù Agẹmọ	Oṣù Ògún	Oṣù Owewe	Oṣù Ọ̀wàrà	Oṣù Bélú	Oṣù Ọ̀pẹ̀	Oṣù Ṣẹ́rẹ́	Oṣù Èrèlè	Oṣù Ẹrẹ̀nà	Oṣù Ìgbé	Oṣù Ẹ̀bibi	Oṣù Òkúdu	Oṣù Agẹmọ	Oṣù Ògún	Oṣù Owewe	Oṣù Ọ̀wàrà	Oṣù Bélú	Oṣù Ọ̀pẹ̀	Oṣù Ṣẹ́rẹ́	Oṣù Èrèlè	Oṣù Ẹrẹ̀nà	Oṣù Ìgbé	Oṣù Ẹ̀bibi	Oṣù Òkúdu	Oṣù Agẹmọ	Oṣù Ògún	Oṣù Owewe	Oṣù Ọ̀wàrà	Oṣù Bélú	Oṣù Ọ̀pẹ̀	AD	AD	2049	GregorianCalendar	4
yo-BJ	Àárɔ̀	Ɔ̀sán	/	:	d/M/yyyy	dddd, d MMM yyyy	H:m	H:m:s	dddd, d MMM yyyy H:m:s	d MMMM	MMMM yyyy	Àìkú	Ajé	Ìsɛ́gun	Ɔjɔ́rú	Ɔjɔ́bɔ	Ɛtì	Àbámɛ́ta	Àìkú	Ajé	Ìsɛ́gun	Ɔjɔ́rú	Ɔjɔ́bɔ	Ɛtì	Àbámɛ́ta	Oshù Shɛ́rɛ́	Oshù Èrèlè	Oshù Ɛrɛ̀nà	Oshù Ìgbé	Oshù Ɛ̀bibi	Oshù Òkúdu	Oshù Agɛmɔ	Oshù Ògún	Oshù Owewe	Oshù Ɔ̀wàrà	Oshù Bélú	Oshù Ɔ̀pɛ̀	Oshù Shɛ́rɛ́	Oshù Èrèlè	Oshù Ɛrɛ̀nà	Oshù Ìgbé	Oshù Ɛ̀bibi	Oshù Òkúdu	Oshù Agɛmɔ	Oshù Ògún	Oshù Owewe	Oshù Ɔ̀wàrà	Oshù Bélú	Oshù Ɔ̀pɛ̀	Oshù Shɛ́rɛ́	Oshù Èrèlè	Oshù Ɛrɛ̀nà	Oshù Ìgbé	Oshù Ɛ̀bibi	Oshù Òkúdu	Oshù Agɛmɔ	Oshù Ògún	Oshù Owewe	Oshù Ɔ̀wàrà	Oshù Bélú	Oshù Ɔ̀pɛ̀	Oshù Shɛ́rɛ́	Oshù Èrèlè	Oshù Ɛrɛ̀nà	Oshù Ìgbé	Oshù Ɛ̀bibi	Oshù Òkúdu	Oshù Agɛmɔ	Oshù Ògún	Oshù Owewe	Oshù Ɔ̀wàrà	Oshù Bélú	Oshù Ɔ̀pɛ̀	AD	AD	2049	GregorianCalendar	4
yo-NG	=	yo
yrl	AM	PM	/	:	dd/MM/yyyy	dddd, d MMMM yyyy	HH:mm	HH:mm:ss	dddd, d MMMM yyyy HH:mm:ss	d MMMM	MMMM yyyy	mituú	murakipí	murakí-mukũi	murakí-musapíri	supapá	yukuakú	saurú	mit	mur	mmk	mms	sup	yuk	sau	yepé	mukũi	musapíri	irũdí	pú	pú-yepé	pú-mukũi	pú-musapíri	pú-irũdí	yepé-putimaã	yepé-yepé	yepé-mukũi	ye	mk	ms	id	pu	py	pm	ps	pi	yp	yy	ym	yepé	mukũi	musapíri	irũdí	pú	pú-yepé	pú-mukũi	pú-musapíri	pú-irũdí	yepé-putimaã	yepé-yepé	yepé-mukũi	ye	mk	ms	id	pu	py	pm	ps	pi	yp	yy	ym	K.a.	K.a.	2049	GregorianCalendar	0
yrl-BR	=	yrl
yrl-CO	a. m.	p. m.	/	:	dd/MM/yyyy	dddd, d MMMM yyyy	h:mm tt	h:mm:ss tt	dddd, d MMMM yyyy h:mm:ss tt	d MMMM	MMMM yyyy	mituú	murakipí	murakí-mukũi	murakí-musapíri	supapá	yukuakú	saurú	mit	mur	mmk	mms	sup	yuk	sau	yepé	mukũi	musapíri	irũdí	pú	pú-yepé	pú-mukũi	pú-musapíri	pú-irũdí	yepé-putimaã	yepé-yepé	yepé-mukũi	ye	mk	ms	id	pu	py	pm	ps	pi	yp	yy	ym	yepé	mukũi	musapíri	irũdí	pú	pú-yepé	pú-mukũi	pú-musapíri	pú-irũdí	yepé-putimaã	yepé-yepé	yepé-mukũi	ye	mk	ms	id	pu	py	pm	ps	pi	yp	yy	ym	K.a.	K.a.	2049	GregorianCalendar	0
yrl-VE	=	yrl-CO
yue	上午	下午	/	:	yyyy/M/d	yyyy年M月d日 dddd	tth:mm	tth:mm:ss	yyyy年M月d日 dddd tth:mm:ss	M月d日	yyyy年M月	星期日	星期一	星期二	星期三	星期四	星期五	星期六	星期日	星期一	星期二	星期三	星期四	星期五	星期六	1月	2月	3月	4月	5月	6月	7月	8月	9月	10月	11月	12月	1月	2月	3月	4月	5月	6月	7月	8月	9月	10月	11月	12月	1月	2月	3月	4月	5月	6月	7月	8月	9月	10月	11月	12月	1月	2月	3月	4月	5月	6月	7月	8月	9月	10月	11月	12月	西元	西元	2049	GregorianCalendar	0
yue-Hans	上午	下午	/	:	yyyy/M/d	yyyy年M月d日dddd	HH:mm	HH:mm:ss	yyyy年M月d日dddd HH:mm:ss	M月d日	yyyy年M月	星期日	星期一	星期二	星期三	星期四	星期五	星期六	周日	周一	周二	周三	周四	周五	周六	一月	二月	三月	四月	五月	六月	七月	八月	九月	十月	十一月	十二月	1月	2月	3月	4月	5月	6月	7月	8月	9月	10月	11月	12月	一月	二月	三月	四月	五月	六月	七月	八月	九月	十月	十一月	十二月	1月	2月	3月	4月	5月	6月	7月	8月	9月	10月	11月	12月	西元	西元	2049	GregorianCalendar	0
yue-Hans-CN	=	yue-Hans
yue-Hant	=	yue
yue-Hant-CN	=	yue
yue-Hant-HK	=	yue
za	banhaet	banringzgvaq	-	:	yyyy-MM-dd	yyyy MMMM d, dddd	HH:mm	HH:mm:ss	yyyy MMMM d, dddd HH:mm:ss	MMMM d	yyyy MMMM	ngoenzsinghgiz	singhgizit	singhgizngeih	singhgizsam	singhgizseiq	singhgizhaj	singhgizroek	ngoenzsinghgiz	singhgizit	singhgizngeih	singhgizsam	singhgizseiq	singhgizhaj	singhgizroek	ndwenit	ndwenngeih	ndwensam	ndwenseiq	ndwenngux	ndwenloeg	ndwencaet	ndwenbet	ndwengouj	ndwencib	ndwencib’it	ndwencibngeih	ndwenit	ndwenngeih	ndwensam	ndwenseiq	ndwenngux	ndwenloeg	ndwencaet	ndwenbet	ndwengouj	ndwencib	ndwencib’it	ndwencibngeih	ndwenit	ndwenngeih	ndwensam	ndwenseiq	ndwenngux	ndwenloeg	ndwencaet	ndwenbet	ndwengouj	ndwencib	ndwencib’it	ndwencibngeih	ndwenit	ndwenngeih	ndwensam	ndwenseiq	ndwenngux	ndwenloeg	ndwencaet	ndwenbet	ndwengouj	ndwencib	ndwencib’it	ndwencibngeih	CE	CE	2049	GregorianCalendar	0
za-CN	=	za
zgh	ⵜⵉⴼⴰⵡⵜ	ⵜⴰⴷⴳⴳⵯⴰⵜ	/	:	d/M/yyyy	dddd d MMMM yyyy	HH:mm	HH:mm:ss	dddd d MMMM yyyy HH:mm:ss	MMMM d	yyyy MMMM	ⴰⵙⴰⵎⴰⵙ	ⴰⵢⵏⴰⵙ	ⴰⵙⵉⵏⴰⵙ	ⴰⴽⵕⴰⵙ	ⴰⴽⵡⴰⵙ	ⴰⵙⵉⵎⵡⴰⵙ	ⴰⵙⵉⴹⵢⴰⵙ	ⴰⵙⴰ	ⴰⵢⵏ	ⴰⵙⵉ	ⴰⴽⵕ	ⴰⴽⵡ	ⴰⵙⵉⵎ	ⴰⵙⵉⴹ	ⵉⵏⵏⴰⵢⵔ	ⴱⵕⴰⵢⵕ	ⵎⴰⵕⵚ	ⵉⴱⵔⵉⵔ	ⵎⴰⵢⵢⵓ	ⵢⵓⵏⵢⵓ	ⵢⵓⵍⵢⵓⵣ	ⵖⵓⵛⵜ	ⵛⵓⵜⴰⵏⴱⵉⵔ	ⴽⵜⵓⴱⵔ	ⵏⵓⵡⴰⵏⴱⵉⵔ	ⴷⵓⵊⴰⵏⴱⵉⵔ	ⵉⵏⵏ	ⴱⵕⴰ	ⵎⴰⵕ	ⵉⴱⵔ	ⵎⴰⵢ	ⵢⵓⵏ	ⵢⵓⵍ	ⵖⵓⵛ	ⵛⵓⵜ	ⴽⵜⵓ	ⵏⵓⵡ	ⴷⵓⵊ	ⵉⵏⵏⴰⵢⵔ	ⴱⵕⴰⵢⵕ	ⵎⴰⵕⵚ	ⵉⴱⵔⵉⵔ	ⵎⴰⵢⵢⵓ	ⵢⵓⵏⵢⵓ	ⵢⵓⵍⵢⵓⵣ	ⵖⵓⵛⵜ	ⵛⵓⵜⴰⵏⴱⵉⵔ	ⴽⵜⵓⴱⵔ	ⵏⵓⵡⴰⵏⴱⵉⵔ	ⴷⵓⵊⴰⵏⴱⵉⵔ	ⵉⵏⵏ	ⴱⵕⴰ	ⵎⴰⵕ	ⵉⴱⵔ	ⵎⴰⵢ	ⵢⵓⵏ	ⵢⵓⵍ	ⵖⵓⵛ	ⵛⵓⵜ	ⴽⵜⵓ	ⵏⵓⵡ	ⴷⵓⵊ	ⴷⴼⵄ	ⴷⴼⵄ	2049	GregorianCalendar	0
zgh-MA	=	zgh
zh	上午	下午	/	:	yyyy/M/d	yyyy年M月d日dddd	HH:mm	HH:mm:ss	yyyy年M月d日dddd HH:mm:ss	M月d日	yyyy年M月	星期日	星期一	星期二	星期三	星期四	星期五	星期六	周日	周一	周二	周三	周四	周五	周六	一月	二月	三月	四月	五月	六月	七月	八月	九月	十月	十一月	十二月	1月	2月	3月	4月	5月	6月	7月	8月	9月	10月	11月	12月	一月	二月	三月	四月	五月	六月	七月	八月	九月	十月	十一月	十二月	1月	2月	3月	4月	5月	6月	7月	8月	9月	10月	11月	12月	公元	公元	2049	GregorianCalendar	0
zh-Hans	=	zh
zh-Hans-CN	=	zh
zh-Hans-HK	上午	下午	/	:	d/M/yyyy	yyyy年M月d日dddd	tth:mm	tth:mm:ss	yyyy年M月d日dddd tth:mm:ss	M月d日	yyyy年M月	星期日	星期一	星期二	星期三	星期四	星期五	星期六	周日	周一	周二	周三	周四	周五	周六	一月	二月	三月	四月	五月	六月	七月	八月	九月	十月	十一月	十二月	1月	2月	3月	4月	5月	6月	7月	8月	9月	10月	11月	12月	一月	二月	三月	四月	五月	六月	七月	八月	九月	十月	十一月	十二月	1月	2月	3月	4月	5月	6月	7月	8月	9月	10月	11月	12月	公元	公元	2049	GregorianCalendar	0
zh-Hans-MO	=	zh-Hans-HK
zh-Hans-MY	上午	下午	/	:	yyyy/M/d	yyyy年M月d日dddd	tth:mm	tth:mm:ss	yyyy年M月d日dddd tth:mm:ss	M月d日	yyyy年M月	星期日	星期一	星期二	星期三	星期四	星期五	星期六	周日	周一	周二	周三	周四	周五	周六	一月	二月	三月	四月	五月	六月	七月	八月	九月	十月	十一月	十二月	1月	2月	3月	4月	5月	6月	7月	8月	9月	10月	11月	12月	一月	二月	三月	四月	五月	六月	七月	八月	九月	十月	十一月	十二月	1月	2月	3月	4月	5月	6月	7月	8月	9月	10月	11月	12月	公元	公元	2049	GregorianCalendar	0
zh-Hans-SG	上午	下午	/	:	dd/MM/yyyy	yyyy年M月d日dddd	tth:mm	tth:mm:ss	yyyy年M月d日dddd tth:mm:ss	M月d日	yyyy年M月	星期日	星期一	星期二	星期三	星期四	星期五	星期六	周日	周一	周二	周三	周四	周五	周六	一月	二月	三月	四月	五月	六月	七月	八月	九月	十月	十一月	十二月	1月	2月	3月	4月	5月	6月	7月	8月	9月	10月	11月	12月	一月	二月	三月	四月	五月	六月	七月	八月	九月	十月	十一月	十二月	1月	2月	3月	4月	5月	6月	7月	8月	9月	10月	11月	12月	公元	公元	2049	GregorianCalendar	0
zh-Hant	上午	下午	/	:	yyyy/M/d	yyyy年M月d日 dddd	tth:mm	tth:mm:ss	yyyy年M月d日 dddd tth:mm:ss	M月d日	yyyy年M月	星期日	星期一	星期二	星期三	星期四	星期五	星期六	週日	週一	週二	週三	週四	週五	週六	1月	2月	3月	4月	5月	6月	7月	8月	9月	10月	11月	12月	1月	2月	3月	4月	5月	6月	7月	8月	9月	10月	11月	12月	1月	2月	3月	4月	5月	6月	7月	8月	9月	10月	11月	12月	1月	2月	3月	4月	5月	6月	7月	8月	9月	10月	11月	12月	西元	西元	2049	GregorianCalendar	0
zh-Hant-HK	上午	下午	/	:	d/M/yyyy	yyyy年M月d日dddd	tth:mm	tth:mm:ss	yyyy年M月d日dddd tth:mm:ss	M月d日	yyyy年M月	星期日	星期一	星期二	星期三	星期四	星期五	星期六	週日	週一	週二	週三	週四	週五	週六	1月	2月	3月	4月	5月	6月	7月	8月	9月	10月	11月	12月	1月	2月	3月	4月	5月	6月	7月	8月	9月	10月	11月	12月	1月	2月	3月	4月	5月	6月	7月	8月	9月	10月	11月	12月	1月	2月	3月	4月	5月	6月	7月	8月	9月	10月	11月	12月	公元	公元	2049	GregorianCalendar	0
zh-Hant-MO	=	zh-Hant-HK
zh-Hant-MY	=	zh-Hant
zh-Hant-TW	=	zh-Hant
zu	AM	PM	/	:	M/d/yyyy	dddd, MMMM d, yyyy	HH:mm	HH:mm:ss	dddd, MMMM d, yyyy HH:mm:ss	MMMM d	MMMM yyyy	ISonto	UMsombuluko	ULwesibili	ULwesithathu	ULwesine	ULwesihlanu	UMgqibelo	Son	Mso	Bil	Tha	Sin	Hla	Mgq	Januwari	Februwari	Mashi	Ephreli	Meyi	Juni	Julayi	Agasti	Septhemba	Okthoba	Novemba	Disemba	Jan	Feb	Mas	Eph	Mey	Jun	Jul	Aga	Sep	Okt	Nov	Dis	Januwari	Februwari	Mashi	Ephreli	Meyi	Juni	Julayi	Agasti	Septhemba	Okthoba	Novemba	Disemba	Jan	Feb	Mas	Eph	Mey	Jun	Jul	Aga	Sep	Okt	Nov	Dis	AD	AD	2049	GregorianCalendar	0
zu-ZA	=	zu
